Date,Close,High,Low,Open,Volume
02-01-2015,0.015314979,24.78980179,23.87998139,24.77867863,212818400
05-01-2015,0.01243695,24.16916608,23.44842935,24.08908403,257142000
06-01-2015,0.0124463,23.89777802,23.27491801,23.69979787,263188400
07-01-2015,0.013838573,24.0690596,23.73538501,23.84660987,160423600
08-01-2015,0.017707103,24.94774144,24.18028873,24.29818853,237458000
09-01-2015,0.017819207,25.1924288,24.5161815,25.06340757,214798000
12-01-2015,0.015240243,25.05452064,24.20253918,25.04784741,198603200
13-01-2015,0.016146603,25.09233044,24.22700112,24.7875737,268367600
14-01-2015,0.015754198,24.57848275,24.13580804,24.25593116,195826400
15-01-2015,0.012969581,24.48282176,23.72649388,24.46947532,240056000
16-01-2015,0.01219401,23.93114774,23.40171618,23.80879968,314053200
20-01-2015,0.014744972,24.24034869,23.69089755,23.98897939,199599600
21-01-2015,0.015520568,24.70527319,24.08463807,24.235904,194303600
22-01-2015,0.018183666,25.01892644,24.40718956,24.52731264,215185600
23-01-2015,0.018725615,25.30365745,24.80981877,24.98110601,185859200
26-01-2015,0.018837759,25.43935625,25.09233515,25.30143678,222460000
27-01-2015,0.015137417,25.02114494,24.2536924,25.0077968,382274800
28-01-2015,0.020902817,26.27576355,25.65067863,26.16676196,585908400
29-01-2015,0.024257408,26.5137866,25.70629291,25.8753552,337745600
30-01-2015,0.022631529,26.69397429,25.99325712,26.33805497,334982000
02-02-2015,0.024005078,26.50932897,25.82196025,26.2601864,250956400
03-02-2015,0.02402381,26.49154206,26.16231735,26.36029751,207662800
04-02-2015,0.024874109,26.80741667,26.31802625,26.36029225,280598800
05-02-2015,0.025671505,26.8506825,26.63182067,26.8037822,168984800
06-02-2015,0.02472402,26.85515048,26.45316002,26.80378437,174826400
09-02-2015,0.02546514,26.76358793,26.4486968,26.47549673,155559200
10-02-2015,0.027622808,27.27948001,26.83505835,26.8372904,248034000
11-02-2015,0.030305784,27.89809156,27.35763902,27.41793674,294247200
12-02-2015,0.031787991,28.46980908,28.04325246,28.15268253,297898000
13-02-2015,0.032369664,28.42515231,28.06112873,28.42515231,217088800
17-02-2015,0.033073223,28.78247219,28.34474844,28.47204515,252609600
18-02-2015,0.033908139,28.76013755,28.46311133,28.50331038,179566800
19-02-2015,0.033654856,28.81597189,28.65964319,28.69314098,149449600
20-02-2015,0.034639861,28.92093277,28.59710834,28.72440333,195793600
23-02-2015,0.03792325,29.7025795,28.95666591,29.03706401,283896400
24-02-2015,0.037144658,29.83658762,29.29389943,29.68919049,276912400
25-02-2015,0.03397379,29.38992082,28.61943769,29.38098581,298846800
26-02-2015,0.0355029,29.2268853,28.27551084,28.76236343,365150000
27-02-2015,0.033664262,29.15990228,28.63954828,29.03260384,248059200
02-03-2015,0.03425522,29.09512522,28.65293744,28.86509802,192386800
03-03-2015,0.034508528,28.92540076,28.60604042,28.80033781,151265200
04-03-2015,0.033739278,28.93433435,28.6574102,28.83160552,126665200
05-03-2015,0.031741121,28.75344195,28.08569259,28.71547665,226068400
06-03-2015,0.031919324,28.89189601,28.19734861,28.67526792,291368400
09-03-2015,0.03242594,28.93657276,27.92936262,28.57701331,354114000
10-03-2015,0.029958704,28.41174976,27.64796945,28.23085487,275426400
11-03-2015,0.027829182,27.86459458,27.27054382,27.86012877,275756000
12-03-2015,0.029902387,27.89362362,27.16334125,27.31520412,193450800
13-03-2015,0.029095633,28.00529278,27.37550876,27.78196508,207309200
16-03-2015,0.030371443,27.90478897,27.44026876,27.66582846,143497200
17-03-2015,0.032332128,28.434083,28.06112614,28.11695807,204092400
18-03-2015,0.033673628,28.845007,28.2219225,28.36261834,261083600
19-03-2015,0.032763639,28.86510091,28.45194507,28.75343708,183238000
20-03-2015,0.031262676,28.67527424,27.9516947,28.64177645,274780400
23-03-2015,0.032491599,28.55244497,28.25541873,28.38941671,150838800
24-03-2015,0.032003755,28.59486909,28.26434515,28.41397596,131369200
25-03-2015,0.028898618,28.32241451,27.55416679,28.25988304,206620800
26-03-2015,0.029705396,27.88915874,27.37997193,27.41570518,190291600
27-03-2015,0.028776667,27.84895948,27.44920445,27.81992749,158184800
30-03-2015,0.031703593,28.22862148,27.69263466,27.70380173,188398800
31-03-2015,0.029883623,28.24871253,27.77302528,28.15938114,168362400
01-04-2015,0.029714794,27.9427622,27.4916393,27.87576321,162485600
02-04-2015,0.030718579,28.04102684,27.73506897,27.92266342,128880400
06-04-2015,0.032622924,28.47651198,27.76632991,27.79759565,148776000
07-04-2015,0.03136587,28.61274323,28.1348238,28.50554689,140049200
08-04-2015,0.030981221,28.22861627,27.90925765,28.10578538,149316800
09-04-2015,0.031881812,28.26881649,27.84002778,28.10578654,129936000
10-04-2015,0.032388412,28.40951682,27.97402848,28.12812344,160752000
13-04-2015,0.032153868,28.71324049,28.27551675,28.66857223,145460400
14-04-2015,0.031637926,28.42738324,28.11919162,28.362618,102098400
15-04-2015,0.032088194,28.39164472,28.14151883,28.23085023,115881600
16-04-2015,0.031515959,28.38494854,28.16385461,28.2018199,113476000
17-04-2015,0.030183833,28.17055182,27.79536127,28.03878931,207828000
20-04-2015,0.032857476,28.61274603,27.95392994,28.04326137,188217200
21-04-2015,0.032210169,28.63060907,28.28891798,28.60827835,129740400
22-04-2015,0.033814335,28.78023912,28.21075452,28.36038366,150618000
23-04-2015,0.034799324,29.12639046,28.61720371,28.65293695,183083600
24-04-2015,0.035371591,29.17329506,28.86063427,29.14202932,178103600
27-04-2015,0.037594909,29.73161418,29.28942293,29.54848385,387816800
28-04-2015,0.035634289,30.04651055,28.93657489,30.02864733,475696000
29-04-2015,0.033833107,29.38769217,28.65294551,29.06833518,253544400
30-04-2015,0.03055906,28.72886631,27.82215667,28.72886631,332781600
01-05-2015,0.034123911,29.06163369,27.98296053,28.16162166,234050400
04-05-2015,0.033889367,29.15989456,28.6440048,28.92093233,203953200
05-05-2015,0.031168855,28.68643862,28.09015415,28.61943964,197085600
06-05-2015,0.030427743,28.30678157,27.54970092,28.26434877,288564000
07-05-2015,0.031153127,28.27477112,27.81279321,27.98098863,175763600
08-05-2015,0.033376326,28.62013435,28.28150042,28.40932887,222201600
11-05-2015,0.032151673,28.6066749,28.17385198,28.56855102,168143200
12-05-2015,0.031727749,28.45417447,27.99219834,28.16712128,192640000
13-05-2015,0.031859635,28.52369693,28.22767311,28.29046578,138776800
14-05-2015,0.034629213,28.9183979,28.51697302,28.57303815,180814000
15-05-2015,0.034459639,29.03949672,28.75244352,28.94530771,152832000
18-05-2015,0.035797317,29.31533569,28.78608072,28.79056689,203531600
19-05-2015,0.035684284,29.3512195,29.07313521,29.30860945,178532800
20-05-2015,0.035674877,29.37364911,29.0058619,29.1538747,145819600
21-05-2015,0.036927749,29.51941328,29.11574366,29.16956742,158921600
22-05-2015,0.038011078,29.81992166,29.467831,29.51268584,182384000
26-05-2015,0.035260352,29.80646641,28.95651713,29.7369462,282790400
27-05-2015,0.037540067,29.66069623,29.16508238,29.23011643,183332800
28-05-2015,0.037295164,29.5911806,29.40056118,29.57099797,122933200
29-05-2015,0.035882084,29.47904201,29.13143755,29.42970443,203538000
01-06-2015,0.03612706,29.46559961,29.16509123,29.21667021,128451200
02-06-2015,0.035580656,29.30188105,29.00137277,29.12247195,134670400
03-06-2015,0.035731402,29.36468145,29.13144853,29.30188876,123934000
04-06-2015,0.035015432,29.28393976,28.90942509,29.05967923,153800400
05-06-2015,0.034346597,29.08435097,28.78608403,29.04174092,142507200
08-06-2015,0.033545868,28.97670392,28.44296278,28.90718028,210699200
09-06-2015,0.033187899,28.7232901,28.17160939,28.41380947,224301600
10-06-2015,0.034563274,29.00585836,28.67171062,28.68740879,156349200
11-06-2015,0.03429008,29.19423711,28.81299485,28.96997656,141563600
12-06-2015,0.032952402,28.7793577,28.50575954,28.74796136,147544800
15-06-2015,0.032716897,28.53491334,28.19179495,28.27925643,175955600
16-06-2015,0.033357466,28.67170959,28.33980495,28.48781602,125976400
17-06-2015,0.033074834,28.67843061,28.42277379,28.64254982,131672400
18-06-2015,0.033621221,28.77486646,28.53042332,28.5326664,141628800
19-06-2015,0.032415413,28.66497648,28.34652699,28.64030769,218867600
22-06-2015,0.033366888,28.71880406,28.49902969,28.59097562,136157200
23-06-2015,0.032820492,28.61788355,28.45417262,28.5887303,121075600
24-06-2015,0.03383789,29.10901562,28.50799737,28.52817999,221123600
25-06-2015,0.033263252,28.97445814,28.59321594,28.89821038,127752400
26-06-2015,0.032556753,28.70310855,28.37120388,28.63134524,176267200
29-06-2015,0.03046544,28.362232,27.91595398,28.13572836,196645600
30-06-2015,0.031313263,28.28374003,28.00117127,28.16039605,177482800
01-07-2015,0.032415413,28.46762786,28.25457936,28.45865724,120955200
02-07-2015,0.032264714,28.41156822,28.20524722,28.35326,108844000
06-07-2015,0.031850221,28.30840899,27.99892834,28.01911268,112241600
07-07-2015,0.031558199,28.29046891,27.75672771,28.23216069,187787200
08-07-2015,0.028619062,27.95183486,27.48088804,27.91595406,243046400
09-07-2015,0.026263994,27.82176488,26.73634458,27.77467037,314380000
10-07-2015,0.029287889,27.77466567,27.18261802,27.34632895,245418000
13-07-2015,0.031529924,28.20300394,27.88006824,28.03929301,165762000
14-07-2015,0.031482854,28.33981108,28.04154409,28.26580468,127072400
15-07-2015,0.032622683,28.5147279,28.16263892,28.19403526,134596800
16-07-2015,0.034214695,28.83317591,28.5595761,28.64703756,144889600
17-07-2015,0.035260352,29.06864738,28.77486665,28.94754821,184658800
20-07-2015,0.03756835,29.8199247,29.31085231,29.37140362,235600800
21-07-2015,0.03632486,29.80871031,29.22563496,29.79301385,307025600
22-07-2015,0.031115407,28.1446904,27.35753563,27.35753563,461802400
23-07-2015,0.031058922,28.50127214,28.0460235,28.30168039,203998000
24-07-2015,0.030437149,28.19851367,27.78587518,28.10432467,168649200
27-07-2015,0.028807441,27.72084088,27.38669321,27.60422446,177822000
28-07-2015,0.029382087,27.78812144,27.483127,27.66926193,134472400
29-07-2015,0.029014696,27.6961738,27.42033262,27.61768296,148046800
30-07-2015,0.028430652,27.4876138,27.2947496,27.43154866,134513200
31-07-2015,0.027422692,27.5033148,27.11534499,27.49434417,171540000
03-08-2015,0.024728483,27.48761591,26.35509943,27.24765719,279904000
04-08-2015,0.021148753,26.39546327,25.39750461,26.3326706,496554400
05-08-2015,0.021864699,26.33715706,25.13960495,25.33022605,397250400
06-08-2015,0.022101246,26.24460611,25.70845083,26.12521032,211612000
07-08-2015,0.02247032,26.18829192,25.79405956,25.81208203,154681600
10-08-2015,0.026444769,27.03082489,26.25137134,26.25137134,219806400
11-08-2015,0.020549342,26.62307346,25.53048702,26.53972086,388331200
12-08-2015,0.022205378,26.00131744,24.6969711,25.35027089,404870000
13-08-2015,0.022120203,26.22208528,25.80307244,26.14098591,194143200
14-08-2015,0.022886696,26.20180908,25.68367614,25.75351104,171718000
17-08-2015,0.024022263,26.50368179,26.01933877,26.14098784,163538800
18-08-2015,0.023397687,26.45636947,26.13422526,26.22884061,138242800
19-08-2015,0.021987716,26.24911577,25.83460943,26.15450042,193146000
20-08-2015,0.019754446,25.76026428,25.14751438,25.69944062,274006400
21-08-2015,0.013234515,25.20834773,23.8003748,24.87719222,513102000
24-08-2015,0.010736288,24.5099906,20.72535912,21.37190083,648825200
25-08-2015,0.011322984,25.03037638,23.31602863,25.03037638,414406400
26-08-2015,0.016953437,24.7555399,23.66520663,24.12476742,387098400
27-08-2015,0.020009957,25.51021184,24.78482403,25.28268469,338464400
28-08-2015,0.020360099,25.52598341,25.12724626,25.26916931,212657600
31-08-2015,0.019858538,25.80081377,25.23086679,25.23762478,224917200
01-09-2015,0.015089225,25.20383496,24.18558994,24.81410911,307383600
02-09-2015,0.01946111,25.3074646,24.58433,24.83213458,247555200
03-09-2015,0.017596914,25.40658564,24.78933089,25.3412555,212935600
04-09-2015,0.016555993,24.88169486,24.44466127,24.54828786,199985200
08-09-2015,0.019432708,25.35702195,24.85240507,25.17454926,219374400
09-09-2015,0.017388738,25.6859293,24.72850777,25.62735886,340043200
10-09-2015,0.019678741,25.51921938,24.75778848,24.84113935,251571200
11-09-2015,0.02123066,25.72872543,25.17680091,25.18355891,199662000
14-09-2015,0.02227159,26.33246595,25.87515674,26.26263106,233453600
15-09-2015,0.023189518,26.25137201,25.77604024,26.11620696,173364800
16-09-2015,0.023312543,26.25362566,26.00582277,26.18829551,148694000
17-09-2015,0.020956249,26.24235703,25.61834431,26.05537957,256450400
18-09-2015,0.020511486,25.74900365,25.20158384,25.27817672,297141200
21-09-2015,0.022176976,25.99005112,25.60482999,25.6070815,200888000
22-09-2015,0.020464175,25.72196982,25.34801147,25.54174864,201384800
23-09-2015,0.021334776,25.84362203,25.52373103,25.59807069,143026800
24-09-2015,0.021978246,26.01933413,25.31422206,25.51246398,200878000
25-09-2015,0.02170381,26.28741035,25.68592319,26.23109145,224607600
28-09-2015,0.019555724,25.80982488,25.32998848,25.64762618,208436000
29-09-2015,0.016357255,25.57103525,24.29822769,25.41784776,293461600
30-09-2015,0.017530671,25.12724359,24.49421963,24.81861537,265892000
01-10-2015,0.016849353,24.69471832,24.17433038,24.57081603,255716400
02-10-2015,0.01760636,25.00784575,24.22839236,24.33201893,232079200
05-10-2015,0.017984896,25.08894914,24.57081447,24.75328719,208258800
06-10-2015,0.018486408,25.17229468,24.72850148,24.92223863,192787200
07-10-2015,0.017984896,25.17905802,24.64740908,25.17230003,187062400
08-10-2015,0.016773639,24.82312339,24.37707687,24.82312339,247918400
09-10-2015,0.019252926,25.29394726,24.66542805,24.7803191,211064400
12-10-2015,0.018760852,25.39982774,25.10471721,25.39532299,121868800
13-10-2015,0.018940641,25.33224234,24.93350525,24.9650437,132197200
14-10-2015,0.017445511,25.12273964,24.68119957,25.0709272,177849600
15-10-2015,0.019006893,25.25339886,24.89070495,24.98982678,150694000
16-10-2015,0.018230921,25.23086895,24.89971352,25.18130804,156930400
19-10-2015,0.018883876,25.17455252,24.80510061,24.96054135,119036800
20-10-2015,0.020814308,25.71971875,24.96504572,25.08218829,195871200
21-10-2015,0.02080483,26.03735327,25.61383406,25.68141742,167180800
22-10-2015,0.022451379,26.01933098,25.7039448,25.75575895,166616400
23-10-2015,0.025839141,26.85961643,26.2063167,26.28966759,237467600
26-10-2015,0.022243203,26.61180749,25.88867298,26.60054474,265335200
27-10-2015,0.021552423,26.25362258,25.67916903,25.9968085,279537600
28-10-2015,0.026018946,26.87538917,26.14549473,26.34148519,342205600
29-10-2015,0.027211271,27.18852029,26.64335188,26.74022048,204909200
30-10-2015,0.026236585,27.30791507,26.9091762,27.25610092,197461200
02-11-2015,0.027826369,27.33945602,26.94522359,27.21330219,128813200
03-11-2015,0.02914171,27.81929085,27.19077155,27.21104726,182076000
04-11-2015,0.028602309,27.8936289,27.3980232,27.73818817,179544400
05-11-2015,0.028070119,27.75737926,27.18951652,27.56733681,158210800
06-11-2015,0.028203175,27.5582889,27.28906452,27.39992162,132169200
09-11-2015,0.027737476,27.55828128,27.16010031,27.36597771,135485600
10-11-2015,0.024126179,26.7121481,26.25740537,26.4474478,236511600
11-11-2015,0.023498975,26.56509634,26.06510622,26.32754541,180872000
12-11-2015,0.023128339,26.4293522,26.16465186,26.30265837,130102400
13-11-2015,0.019916193,26.146558,25.39996527,26.06284857,183249600
16-11-2015,0.021664791,25.84564896,25.11263208,25.19860263,152426800
17-11-2015,0.021199133,26.02890648,25.63751062,25.99949418,110467600
18-11-2015,0.024620353,26.58092615,26.13070922,26.18953208,186698800
19-11-2015,0.026036364,27.09222902,26.41577218,26.61486267,173183200
20-11-2015,0.026530554,27.13069085,26.8886142,26.96779783,137148400
23-11-2015,0.02505752,27.08770725,26.54699224,26.98363536,129930000
24-11-2015,0.026131403,27.00173404,26.49721999,26.54473016,171212800
25-11-2015,0.025323639,26.97459303,26.67821748,26.97006726,85553200
27-11-2015,0.025114566,26.78907713,26.60582157,26.76192771,52185600
30-11-2015,0.025580216,27.01531142,26.6397523,26.6940494,156721200
01-12-2015,0.02466788,26.87956624,26.43839905,26.86599239,139409600
02-12-2015,0.023660505,26.72119604,26.2619293,26.54699034,133546400
03-12-2015,0.022634157,26.42256577,25.84112912,26.36826866,166278000
04-12-2015,0.026273969,26.97911343,26.04248019,26.08320345,231108000
07-12-2015,0.02556122,27.11712219,26.65332957,26.91803164,128336800
08-12-2015,0.025513692,26.83205591,26.4383989,26.58771636,137238000
09-12-2015,0.023033292,26.6261783,26.03569194,26.61486562,185445600
10-12-2015,0.023555988,26.45650096,26.13297775,26.25288465,116850800
11-12-2015,0.02071443,26.1058211,25.53117157,26.06057381,187544800
14-12-2015,0.020049208,25.4927151,24.83888185,25.37959514,257274800
15-12-2015,0.018158036,25.51986891,24.96557996,25.32530241,213292400
16-12-2015,0.018965791,25.33660477,24.61490069,25.12846448,224954000
17-12-2015,0.016722995,25.39543005,24.6556263,25.34339411,179091200
18-12-2015,0.013919494,24.77779908,23.93844906,24.6397943,385813200
21-12-2015,0.015154955,24.29138699,23.88415435,24.2710245,190362400
22-12-2015,0.015059909,24.3705674,24.0832417,24.29817069,131157600
23-12-2015,0.01637138,24.6262175,24.25292125,24.26875797,130629600
24-12-2015,0.015820169,24.66015163,24.42259902,24.66015163,54281600
28-12-2015,0.01467026,24.36377959,24.0221568,24.34115422,106816800
29-12-2015,0.016494933,24.75743975,24.1760031,24.19862675,123724800
30-12-2015,0.015145405,24.59227404,24.24839018,24.56512636,100855200
31-12-2015,0.0131877,24.21445445,23.71446452,24.20993042,163649200
04-01-2016,0.013273253,23.83890305,23.07647384,23.21448034,270597600
05-01-2016,0.010764354,23.94749967,23.16923537,23.92487602,223164000
06-01-2016,0.008854128,23.16017819,22.59457847,22.75068282,273829600
07-01-2016,0.004815166,22.6533999,21.81631298,22.32535274,324377600
08-01-2016,0.005299861,22.42264019,21.89097669,22.29594638,283192000
11-01-2016,0.006791891,22.41132495,22.02219203,22.39096419,198957600
12-01-2016,0.008150906,22.7801023,22.36155699,22.74842884,196616800
13-01-2016,0.005708482,22.89321286,22.01313991,22.69638356,249758400
14-01-2016,0.007732742,22.73258989,21.66021133,22.16246427,252680400
15-01-2016,0.005461408,22.10590142,21.57423797,21.76427867,319335600
19-01-2016,0.00501477,22.31857182,21.60591562,22.26427472,212350800
20-01-2016,0.005138315,22.21450241,21.13533682,21.51542003,289337600
21-01-2016,0.004672641,22.14436499,21.47922074,21.95884831,208646000
22-01-2016,0.009538387,22.95430127,22.25522077,22.3140419,263202000
25-01-2016,0.007656716,22.97013982,22.44526325,22.96787694,207178000
26-01-2016,0.008179412,22.82308613,22.18735241,22.60815887,300308000
27-01-2016,0.001935647,21.86156596,21.11723631,21.72808522,533478800
28-01-2016,0.002572378,21.38419998,20.9023095,21.21904578,222715200
29-01-2016,0.005660987,22.02219391,21.345737,21.44528312,257666000
01-02-2016,0.004796154,21.87965777,21.58328409,21.82536068,163774000
02-02-2016,0.002943022,21.72808638,21.32990356,21.58781698,149428800
03-02-2016,0.004720128,21.90906911,21.28464828,21.49278856,183857200
04-02-2016,0.005455855,22.1394121,21.65263179,21.8050346,185886800
05-02-2016,0.00299067,22.04615175,21.31143263,21.95516439,185672400
08-02-2016,0.003936665,21.76865154,21.16358855,21.1840598,216085600
09-02-2016,0.003917508,21.82323478,21.36602457,21.44791302,177324800
10-02-2016,0.003229564,21.91649997,21.40469793,21.81868884,169374400
11-02-2016,0.002684923,21.54572714,21.06122013,21.33418224,200298800
12-02-2016,0.002962043,21.4956896,21.15676334,21.4251752,161405600
16-02-2016,0.005494089,22.0302299,21.52070312,21.61396391,196231600
17-02-2016,0.00690825,22.33958975,21.87100711,21.98928948,179452800
18-02-2016,0.00513104,22.49427347,21.85736343,22.4828994,156084000
19-02-2016,0.004920813,22.00976426,21.79139558,21.83688841,141496800
22-02-2016,0.005723449,22.04161392,21.81869488,21.90740712,137123200
23-02-2016,0.003630894,21.95062381,21.50706268,21.9278774,127770400
24-02-2016,0.004978139,21.92332505,21.2272748,21.37740423,145022800
25-02-2016,0.005608757,22.0097599,21.66628343,21.84825816,110330800
26-02-2016,0.005752092,22.29636977,21.96881766,22.10984644,115964400
29-02-2016,0.005541864,22.34413564,21.98473654,22.03250451,140865200
01-03-2016,0.009210992,22.9219032,22.15988729,22.21220559,201628400
02-03-2016,0.009421219,22.94920372,22.66486925,22.86276667,132678400
03-03-2016,0.010137854,23.13572918,22.84911952,22.87869142,147822800
04-03-2016,0.011580666,23.59976399,23.05839171,23.28585932,184220400
07-03-2016,0.010491392,23.39049355,22.96512852,23.29040725,143315600
08-03-2016,0.00968874,23.14709683,22.83774085,22.92417789,126247600
09-03-2016,0.009774741,23.10615311,22.80816945,23.0447359,108806800
10-03-2016,0.009822541,23.25628776,22.78088129,23.06749097,134054400
11-03-2016,0.010864047,23.26538805,23.08796358,23.25628914,109632800
14-03-2016,0.011112444,23.40868694,23.15164749,23.18121938,100304400
15-03-2016,0.01308078,23.92503724,23.62250498,23.64752655,160270800
16-03-2016,0.014408924,24.18207446,23.79083,23.79538032,153214000
17-03-2016,0.014246513,24.21847534,23.87499878,24.00238008,137682800
18-03-2016,0.014361157,24.22529632,23.92731436,24.18890068,176820800
21-03-2016,0.014351606,24.48688424,23.91594016,24.09563974,142010800
22-03-2016,0.015125567,24.40499749,23.93186449,23.94096341,129777600
23-03-2016,0.014561802,24.3549505,24.08881388,24.22074548,102814000
24-03-2016,0.014122278,24.16842872,23.85907269,23.9910043,104532000
28-03-2016,0.013663646,24.15478233,23.89774286,24.11156294,77645600
29-03-2016,0.016042815,24.5187235,23.8567922,23.85906736,124760400
30-03-2016,0.017839157,25.11696315,24.70297233,24.7143464,182404400
31-03-2016,0.017294532,24.99868331,24.76666544,24.95773908,103553600
01-04-2016,0.018250046,25.02143257,24.61199025,24.74392186,103496000
04-04-2016,0.019329753,25.51958382,25.08284482,25.1169653,149424800
05-04-2016,0.018078044,25.18748191,24.88949825,24.90997123,106314800
06-04-2016,0.019176876,25.24434982,24.83945612,25.07374916,105616400
07-04-2016,0.016864584,25.11697142,24.59379699,25.01006137,127207600
08-04-2016,0.016979244,24.96911646,24.60516866,24.77349593,94326800
11-04-2016,0.017323247,25.16019742,24.75530527,24.78715061,117630000
12-04-2016,0.018680019,25.13516468,24.71662521,24.87130148,108929200
13-04-2016,0.0202088,25.55369949,25.20340105,25.20340105,133029200
14-04-2016,0.020266158,25.5650808,25.32396572,25.38993153,101895600
15-04-2016,0.018116277,25.54460891,24.96001732,25.50138951,187756000
18-04-2016,0.015851744,24.78259136,24.32538279,24.76894386,243286000
19-04-2016,0.015307087,24.56649269,24.16387594,24.53919597,129539600
20-04-2016,0.015517291,24.58696374,24.12520494,24.25713652,122444000
21-04-2016,0.014408924,24.32310497,24.00237489,24.32310497,126210000
22-04-2016,0.014131821,24.22074349,23.79765374,23.88636594,134732400
25-04-2016,0.013558545,24.03195061,23.77263771,23.88409634,112126400
26-04-2016,0.01286101,23.95233369,23.63615394,23.63615394,224064800
27-04-2016,0.006621596,22.45332338,21.76409692,21.83688648,458408400
28-04-2016,0.003764671,22.26453021,21.43882337,22.20311472,328970800
29-04-2016,0.002723165,21.54573205,21.04302885,21.37967994,274126000
02-05-2016,0.002627605,21.40015038,21.01800477,21.3751288,192640400
03-05-2016,0.004099076,21.77774521,21.30916256,21.42744493,227325200
04-05-2016,0.003153121,21.81413829,21.34100537,21.65490997,164102000
05-05-2016,0.002787813,21.5281514,21.21004661,21.51213179,143562000
06-05-2016,0.002287944,21.3862653,21.02010165,21.36795842,174799600
09-05-2016,0.002355229,21.45949632,21.18945032,21.28328067,131745600
10-05-2016,0.002960881,21.4137323,21.0796078,21.35880818,134747200
11-05-2016,0.002086073,21.4137295,21.15970307,21.39313361,114876400
12-05-2016,0,21.2329345,20.47543329,21.21920391,305258800
13-05-2016,0.000173036,20.97890757,20.59672432,20.59672432,177571200
16-05-2016,0.003403072,21.60138781,20.97433244,21.1436828,245039200
17-05-2016,0.003028134,21.6723256,21.28556616,21.63799913,187667600
18-05-2016,0.004056781,21.78904952,21.48696425,21.54875541,168249600
19-05-2016,0.003710686,21.65859894,21.41372685,21.65859894,121768400
20-05-2016,0.004691212,21.83938723,21.63113068,21.6585936,128104000
23-05-2016,0.005854413,22.24216946,21.89431277,21.94008431,152074400
24-05-2016,0.007267581,22.44814197,22.16207633,22.2490414,140560800
25-05-2016,0.008921061,22.82575144,22.45272243,22.5808793,152675200
26-05-2016,0.009680496,23.05231484,22.57401217,22.812019,225324800
27-05-2016,0.009622825,22.99281595,22.71361556,22.7570981,145364800
31-05-2016,0.009151751,22.97678909,22.61520176,22.79370641,169228800
01-06-2016,0.007805892,22.77997318,22.50306193,22.66096893,116693200
02-06-2016,0.007094537,22.39092744,22.11401613,22.33600333,160766400
03-06-2016,0.007286778,22.48932919,22.30167026,22.379481,114019600
06-06-2016,0.007969345,23.31778366,22.32456454,22.42525846,93170000
07-06-2016,0.008353882,22.85550418,22.64724753,22.71361497,89638000
08-06-2016,0.00826736,22.78455713,22.58316753,22.66097655,83392400
09-06-2016,0.008949864,22.88295617,22.53281219,22.5419665,106405600
10-06-2016,0.008161594,22.73649329,22.53739275,22.54883433,126851600
13-06-2016,0.006729213,22.68385572,22.22157279,22.58544909,152082000
14-06-2016,0.006844586,22.53739322,22.14147765,22.2719235,127727600
15-06-2016,0.006536965,22.52137369,22.20555614,22.38634982,117780800
16-06-2016,0.006931092,22.37032614,21.98585397,22.07281727,125307200
17-06-2016,0.004796971,22.11859061,21.80964014,22.11172532,244032800
20-06-2016,0.004575879,22.1002856,21.74785254,21.96983974,137647600
21-06-2016,0.005354583,22.04994512,21.66776174,21.7272639,142185600
22-06-2016,0.005008472,22.17351711,21.82108408,22.02705166,116876400
23-06-2016,0.005537201,22.03620791,21.79820109,21.95610988,128960800
24-06-2016,0.002941652,21.6631811,21.20318704,21.26268918,301245600
27-06-2016,0.001634235,21.29472295,20.94000092,21.28327963,181958400
28-06-2016,0.003124318,21.43433343,21.08647653,21.26040498,161779600
29-06-2016,0.003902958,21.63800407,21.42745844,21.5052692,146124000
30-06-2016,0.005056552,21.91720613,21.58079438,21.61283359,143345600
01-07-2016,0.005335315,22.07739886,21.81650717,21.85312266,104106000
05-07-2016,0.004470121,21.83252549,21.61740362,21.83023648,110820800
06-07-2016,0.004989235,21.89202802,21.59680812,21.64944321,123796400
07-07-2016,0.005383371,22.08426109,21.88287157,21.90117843,100558400
08-07-2016,0.006094766,22.17351849,21.98128323,22.08197714,115648400
11-07-2016,0.006383166,22.34744735,22.13690347,22.14147975,95179600
12-07-2016,0.006806121,22.35888393,22.22615084,22.23759241,96670000
13-07-2016,0.006277408,22.35202052,22.16207255,22.29252013,103568800
14-07-2016,0.008123144,22.6541072,22.27192397,22.28794357,155676000
15-07-2016,0.008113522,22.72505094,22.54196826,22.63808588,120548000
18-07-2016,0.009122924,22.91500061,22.56485655,22.58774145,145975600
19-07-2016,0.009161365,22.88524755,22.73420408,22.78455191,95119600
20-07-2016,0.009247871,22.99051723,22.82574318,22.88524531,105104000
21-07-2016,0.008738379,23.1140991,22.68614436,22.84634213,130808000
22-07-2016,0.007998173,22.72505203,22.49848681,22.71589772,113254800
25-07-2016,0.006729213,22.61977557,22.18037928,22.48475346,161531600
26-07-2016,0.006085143,22.42067787,22.06595582,22.15749717,224959200
27-07-2016,0.012122214,23.88075375,23.51459016,23.86244513,369379200
28-07-2016,0.013458491,23.90364911,23.53062007,23.53290908,159479200
29-07-2016,0.013333487,23.92652749,23.7274252,23.84414045,110934800
01-08-2016,0.0151023,24.29268699,23.89448423,23.89448423,152671600
02-08-2016,0.013593052,24.27438373,23.80065915,24.26980745,135266400
03-08-2016,0.014852389,24.22174965,23.97687753,23.98603184,120810400
04-08-2016,0.015480604,24.38977273,24.22410607,24.29313443,109634800
05-08-2016,0.017036746,24.76943333,24.43119741,24.45190488,162213600
08-08-2016,0.01789694,24.93509674,24.65668534,24.73951693,112148800
09-08-2016,0.018322186,25.06624429,24.85225847,24.90287904,105260800
10-08-2016,0.01753934,25.05704945,24.79474439,25.01333136,96034000
11-08-2016,0.01747167,25.06394883,24.81544878,24.96961017,109938000
12-08-2016,0.017713281,24.95119905,24.79933736,24.79933736,74641600
15-08-2016,0.018969781,25.20430332,24.86836888,24.88217385,103472800
16-08-2016,0.0188731,25.36306214,25.12836713,25.22500542,135177600
17-08-2016,0.01871846,25.16518282,24.92818639,25.10305695,101424000
18-08-2016,0.018583169,25.21810834,25.08465442,25.13297534,87938800
19-08-2016,0.018853815,25.23882226,24.93279911,25.02713603,101472400
22-08-2016,0.018032279,25.10306929,24.81545391,25.04784763,103280800
23-08-2016,0.01836086,25.15368157,24.97190851,24.98571348,85030800
24-08-2016,0.017568327,25.02253355,24.7763349,24.98111687,94700400
25-08-2016,0.0171237,24.82234655,24.5462366,24.70960186,100344800
26-08-2016,0.016514803,24.83845573,24.46110461,24.71420747,111065200
29-08-2016,0.016398837,24.72111472,24.45650825,24.53243913,99881200
30-08-2016,0.015606256,24.50482043,24.27472822,24.34375658,99455600
31-08-2016,0.015702897,24.52092437,24.30693857,24.31154139,118649600
01-09-2016,0.016311842,24.57385327,24.30234435,24.42199155,106806000
02-09-2016,0.017278332,24.84995447,24.57844563,24.78092611,107210000
06-09-2016,0.017249345,24.91898629,24.73721324,24.82694906,107521600
07-09-2016,0.017887277,25.02483373,24.63597726,24.81084787,169457200
08-09-2016,0.01514232,24.68199067,24.21490376,24.6773896,212008000
09-09-2016,0.012832352,24.3253558,23.72941589,24.07685572,186228000
12-09-2016,0.01506502,24.32535275,23.59135792,23.61896962,181171200
13-09-2016,0.017491011,25.03173935,24.67509561,24.73722151,248704800
14-09-2016,0.021183133,26.00732778,24.988019,25.01793212,443554800
15-09-2016,0.024855922,26.62857433,26.11316647,26.19830123,359934400
16-09-2016,0.024227692,26.72061303,26.23972106,26.48822112,319547600
19-09-2016,0.022932541,26.73211627,26.05794594,26.50432544,188092000
20-09-2016,0.022922886,26.25812989,25.88768121,26.01193124,138057200
21-09-2016,0.022903537,26.22821158,25.87156969,26.19599881,144012800
22-09-2016,0.023937745,26.44680603,26.23051874,26.31105068,124296000
23-09-2016,0.022091648,26.41228515,25.66678688,26.3271504,209924800
26-09-2016,0.022255966,26.09015828,25.66678941,25.68749687,119477600
27-09-2016,0.022458951,26.04184264,25.84856422,26.00042596,98429600
28-09-2016,0.023290133,26.37776977,26.09935841,26.15918288,118564400
29-09-2016,0.021579399,26.18449664,25.72431218,26.03723776,143548000
30-09-2016,0.022420277,26.08555609,25.72431137,25.87617133,145516400
03-10-2016,0.021908012,26.01192686,25.83475486,25.93369459,86807200
04-10-2016,0.022371956,26.30184371,25.91528867,26.0142284,118947200
05-10-2016,0.022420277,26.15228305,25.92909331,26.09245858,85812400
06-10-2016,0.02323215,26.3087429,26.03033153,26.16148402,115117200
07-10-2016,0.023396477,26.35936795,26.11777214,26.30184489,97433600
10-10-2016,0.02531989,26.86327528,26.39618821,26.46521484,144944000
11-10-2016,0.0255615,27.30964972,26.73671876,27.08185713,256164000
12-10-2016,0.02656668,27.14628409,26.86326985,27.00132485,150347200
13-10-2016,0.026218742,27.02203524,26.62627627,26.87247492,140769600
14-10-2016,0.026846972,27.19000014,26.950704,27.12327318,142608800
17-10-2016,0.026769648,27.1140675,26.8701703,26.99672173,94499600
18-10-2016,0.026692324,27.19920224,27.02433165,27.19229975,98214000
19-10-2016,0.026354049,27.09566321,26.18449813,26.97831567,80138400
20-10-2016,0.02629605,27.00822646,26.76663066,26.88857927,96503200
21-10-2016,0.025851455,26.90008612,26.75512688,26.87707549,92770800
24-10-2016,0.026866273,27.09105238,26.92078466,26.94379353,94154800
25-10-2016,0.027446223,27.23371864,26.99212108,27.13937998,192516000
26-10-2016,0.024875239,26.62166763,26.07174739,26.3018396,264536800
27-10-2016,0.02380243,26.65849006,26.25352718,26.55034641,138248000
28-10-2016,0.023067864,26.50892889,26.10396603,26.20060611,151446800
31-10-2016,0.022893867,26.28343422,26.04643776,26.14998031,105677600
01-11-2016,0.020912495,26.17759273,25.43209438,26.10626469,175303200
02-11-2016,0.021009144,25.85086164,25.59315947,25.63227473,113326800
03-11-2016,0.019853074,25.77775118,25.33601959,25.66674086,107730400
04-11-2016,0.018891311,25.4979144,25.00298904,25.10012353,123348000
07-11-2016,0.020416535,25.55804102,25.31520308,25.45859332,130240000
08-11-2016,0.021048002,25.8378831,25.37070951,25.51178652,97016800
09-11-2016,0.020873148,25.74537667,24.98911279,25.41234213,236705600
10-11-2016,0.017871253,25.69218361,24.47568573,25.69218361,228538000
11-11-2016,0.01849297,25.17874914,24.64219463,24.77402047,136575600
14-11-2016,0.015850535,24.93360159,24.07095221,24.91047459,204702000
15-11-2016,0.017210631,24.90353913,24.55200406,24.64682531,129058000
16-11-2016,0.020008507,25.4932854,24.65376124,24.67688825,235362000
17-11-2016,0.019969649,25.52103761,25.16950257,25.39614967,110528000
18-11-2016,0.020076521,25.56498205,25.36146193,25.37533778,113715600
21-11-2016,0.021698923,25.90033029,25.44240954,25.46784978,117058400
22-11-2016,0.021766937,25.99978042,25.7638821,25.89108154,103862000
23-11-2016,0.02121317,25.78931801,25.51641511,25.75462662,109705600
25-11-2016,0.021757178,25.87257106,25.65979807,25.70142738,45903600
28-11-2016,0.021543465,26.0113387,25.76156283,25.77081398,108776000
29-11-2016,0.021436593,25.90957587,25.45627992,25.62048393,114115200
30-11-2016,0.020523383,25.94889003,25.50253203,25.81012626,144649200
01-12-2016,0.019522771,25.6574913,25.21575792,25.52566543,148347600
02-12-2016,0.019921088,25.46090817,25.17412942,25.2481369,106112000
05-12-2016,0.019153609,25.44703183,25.03536514,25.4400939,137298000
06-12-2016,0.019969649,25.52335084,25.25276119,25.32445543,104782000
07-12-2016,0.021018871,25.7153112,25.24582609,25.2689531,119994800
08-12-2016,0.022077787,26.00208746,25.57885641,25.63898803,108273200
09-12-2016,0.023855605,26.52707761,25.97433393,25.97433393,137610400
12-12-2016,0.023224154,26.59646297,26.01596576,26.20098534,105497600
13-12-2016,0.025060268,26.80923439,26.30737112,26.32818489,174935200
14-12-2016,0.025060268,26.87399071,26.59183841,26.60571426,136127200
15-12-2016,0.025672314,26.99656976,26.64965934,26.68434897,186098000
16-12-2016,0.025818021,26.94337168,26.74678949,26.93643375,177404400
19-12-2016,0.026468909,27.14689,26.76991473,26.78147912,111117600
20-12-2016,0.026770073,27.17464456,26.9850003,26.99887615,85700000
21-12-2016,0.026876937,27.15151754,27.00812729,27.01275375,95132800
22-12-2016,0.026128879,26.94568065,26.74447203,26.90867603,104343600
23-12-2016,0.026352358,26.94800186,26.73291732,26.73291732,56998000
27-12-2016,0.027071229,27.24402474,26.94105519,26.94799311,73187600
28-12-2016,0.0265855,27.29490724,26.87398939,27.17927045,83623600
29-12-2016,0.026556352,27.08444819,26.92024416,26.93180678,60158000
30-12-2016,0.025672314,27.10526688,26.69591336,26.97806745,122345200
03-01-2017,0.025992883,26.90405416,26.54095474,26.78147946,115127600
04-01-2017,0.025866598,26.94568655,26.76991813,26.79304513,84472400
05-01-2017,0.026439762,27.02662752,26.78378958,26.80922981,88774400
06-01-2017,0.02770272,27.32728861,26.93643568,27.00812993,127007600
09-01-2017,0.028751918,27.62100418,27.27640704,27.2787185,134247600
10-01-2017,0.028868484,27.60943634,27.35966224,27.46835933,97848400
11-01-2017,0.029490265,27.73664427,27.42904995,27.46142811,110354400
12-01-2017,0.029004504,27.5909387,27.33884958,27.49842891,108344800
13-01-2017,0.02880047,27.66494085,27.47760808,27.54699085,104447600
17-01-2017,0.029733125,27.80833567,27.3411638,27.3689155,137759200
18-01-2017,0.029723407,27.86846691,27.68576057,27.75283012,94852000
19-01-2017,0.029519421,27.77365006,27.60713452,27.61407245,102389200
20-01-2017,0.029733125,27.85690291,27.69038741,27.85690291,130391600
23-01-2017,0.029810858,27.94016435,27.69963958,27.75283329,88200800
24-01-2017,0.029703986,27.77595841,27.63719461,27.64875899,92844000
25-01-2017,0.031559497,28.23849872,27.81758095,27.8499591,129510400
26-01-2017,0.031617784,28.31713098,28.1228603,28.13904938,105350400
27-01-2017,0.031627527,28.29632334,28.12286815,28.2477561,82251600
30-01-2017,0.03131666,28.12980843,27.90547451,27.96791761,121510000
31-01-2017,0.031044636,28.07430128,27.89622139,28.01879611,196804000
01-02-2017,0.038233643,30.17888937,29.37405657,29.37868127,447940000
02-02-2017,0.038019939,29.92449283,29.55214217,29.59839795,134841600
03-02-2017,0.038554236,29.87823297,29.64002148,29.6747111,98029200
06-02-2017,0.039729759,30.18120795,29.81116873,29.86436421,107383600
07-02-2017,0.040934406,30.54893099,30.16964241,30.19045619,152735200
08-02-2017,0.041429845,30.57899413,30.34772054,30.37778724,92016400
09-02-2017,0.042356772,30.76499604,30.45606812,30.57917428,113399600
10-02-2017,0.042064069,30.87881515,30.67208936,30.76732351,80262000
13-02-2017,0.043205629,31.08321751,30.83468016,30.91133176,92141600
14-02-2017,0.044893609,31.37820742,30.95081984,31.00192091,132904800
15-02-2017,0.045371654,31.652286,31.26902806,31.47807882,142492400
16-02-2017,0.04521558,31.56634776,31.32013545,31.51292521,90338400
17-02-2017,0.045576585,31.55009048,31.38052977,31.38052977,88792800
21-02-2017,0.046532771,31.76378509,31.58493134,31.64300041,98028800
22-02-2017,0.046932803,31.84972406,31.61512628,31.68945285,83347600
23-02-2017,0.046366899,31.9333445,31.65926017,31.910119,83152800
24-02-2017,0.046493721,31.74287415,31.42233178,31.56866695,87106400
27-02-2017,0.046757156,31.92405093,31.65460961,31.85436734,81029600
28-02-2017,0.046815684,31.92404454,31.75215886,31.84042496,93931600
01-03-2017,0.049547662,32.55351782,31.96121617,32.02857473,145658400
02-03-2017,0.048737807,32.58370618,32.23064535,32.51866912,104844000
03-03-2017,0.049537903,32.47918959,32.19116576,32.23529882,84432400
06-03-2017,0.049108603,32.46525616,32.19349334,32.37234352,87000000
07-03-2017,0.049284226,32.5140297,32.23762038,32.30033596,69785200
08-03-2017,0.048776921,32.4722369,32.24460706,32.27480057,74828800
09-03-2017,0.048464645,32.23762481,31.83346634,32.22601383,88623600
10-03-2017,0.048913446,32.37001738,32.2027782,32.34446685,78451200
13-03-2017,0.048971998,32.38627777,32.24459265,32.25156066,69686800
14-03-2017,0.048767163,32.43739165,32.24924837,32.35609705,61236400
15-03-2017,0.050201378,32.69288116,32.29336574,32.38163185,102767200
16-03-2017,0.050425779,32.75559522,32.57906301,32.68591164,76928000
17-03-2017,0.049742818,32.75095519,32.49312838,32.75095519,175540000
20-03-2017,0.051177098,32.86709284,32.57210098,32.61158752,86168000
21-03-2017,0.049596455,33.16905332,32.45596344,33.00878212,158119600
22-03-2017,0.051138095,32.89032995,32.46293881,32.48384637,103440800
23-03-2017,0.050650227,32.88567931,32.66037101,32.81134919,81385200
24-03-2017,0.050377066,32.92285237,32.59998837,32.86710476,89582400
27-03-2017,0.050611209,32.8020604,32.19814059,32.37699434,94300400
28-03-2017,0.053460234,33.45707308,32.66268864,32.73005075,133499200
29-03-2017,0.05377243,33.56159541,33.25963558,33.37344867,116760000
30-03-2017,0.05358708,33.56392538,33.33164908,33.49192029,84829200
31-03-2017,0.053323629,33.51049741,33.21782705,33.38274476,78646800
03-04-2017,0.053362616,33.47564549,33.22711179,33.38041494,79942800
04-04-2017,0.054406614,33.65449707,33.25498174,33.27356426,79565600
05-04-2017,0.053674908,33.78691299,33.40365496,33.49888909,110871600
06-04-2017,0.053323629,33.56856647,33.32002917,33.51514038,84596000
07-04-2017,0.053011385,33.48958675,33.27821806,33.38506315,66688800
10-04-2017,0.052845584,33.41992265,33.19228928,33.35488556,75733600
11-04-2017,0.051342962,33.29680474,32.53261383,33.20157062,121517600
12-04-2017,0.051508859,33.01807742,32.75328256,32.89032828,81400000
13-04-2017,0.050777106,33.07150885,32.76258087,32.96233868,71291600
17-04-2017,0.051538119,32.955363,32.72076166,32.86245035,66328400
18-04-2017,0.050923421,32.99252411,32.77650886,32.84619245,58790000
19-04-2017,0.0504161,32.98324608,32.62321698,32.95537405,69313600
20-04-2017,0.0521333,33.19692941,32.78812438,32.8020604,93278400
21-04-2017,0.051967419,33.14117861,32.94839241,33.08543457,69283600
24-04-2017,0.053304112,33.43616752,33.2573138,33.33164391,68537200
25-04-2017,0.054172486,33.6568296,33.41758533,33.42687837,75486000
26-04-2017,0.053343098,33.58714083,33.30376358,33.55694379,80164800
27-04-2017,0.053450475,33.48495053,33.28751426,33.42920294,56985200
28-04-2017,0.053313919,33.5174788,33.27823443,33.4686992,83441600
01-05-2017,0.056172671,34.19106444,33.67076789,33.70328642,134411600
02-05-2017,0.057080064,34.39778981,34.10744449,34.27003716,181408800
03-05-2017,0.056641021,34.25843091,33.51050098,33.81710384,182788000
04-05-2017,0.056123909,34.17713485,33.86820695,34.03312468,93487600
05-05-2017,0.058494826,34.60451175,34.08885823,34.08885823,109310800
08-05-2017,0.062446417,35.70085956,34.61612988,34.61612988,195009600
09-05-2017,0.063402603,35.9749447,35.64278784,35.74034344,156521600
10-05-2017,0.062690383,35.75661688,35.3315508,35.68461179,103222800
11-05-2017,0.063983634,35.93453055,35.52403453,35.5566873,109020400
12-05-2017,0.066090042,36.48262668,36.07446534,36.08146211,130108000
15-05-2017,0.065698094,36.53625834,36.16308451,36.3869881,104038800
16-05-2017,0.065472812,36.39866282,36.0861287,36.37067576,80194000
17-05-2017,0.060358645,36.05114875,34.91762609,35.82491043,203070800
18-05-2017,0.06260217,35.76425596,35.24880857,35.28146133,134272800
19-05-2017,0.063111622,35.91352368,35.59865857,35.77358481,107843200
22-05-2017,0.064022781,36.05346702,35.66396499,35.91819029,91865600
23-05-2017,0.063836662,36.12810793,35.75726506,36.12810793,79675600
24-05-2017,0.063385986,35.95784868,35.60799609,35.88088068,76712000
25-05-2017,0.063905261,35.99983764,35.69196561,35.85522946,76942400
26-05-2017,0.063650495,35.97417157,35.75726114,35.91819388,87710400
30-05-2017,0.063709319,36.0184935,35.76193704,35.78292734,80507600
31-05-2017,0.062817694,35.9578371,35.54034804,35.91119081,97804800
01-06-2017,0.063229255,35.761939,35.50304789,35.72462053,65616400
02-06-2017,0.065453199,36.2563858,35.65930468,35.82023742,111082800
05-06-2017,0.063964021,36.02315395,35.79225352,35.99749796,101326800
06-06-2017,0.064473425,36.34033965,35.86687295,35.89486001,106499600
07-06-2017,0.065374809,36.37999781,36.03014528,36.15609418,84278400
08-06-2017,0.065002523,36.27737386,36.01148607,36.20973727,85003200
09-06-2017,0.059114395,36.19575557,34.05699014,36.19575557,259530800
12-06-2017,0.055626571,34.07331651,33.23833438,33.99168635,289229200
13-06-2017,0.056772771,34.39049693,33.85405576,34.32286035,136661600
14-06-2017,0.055371789,34.4021648,33.54852379,34.4021648,126124800
15-06-2017,0.054519455,33.69780339,33.16836232,33.42725341,128661600
16-06-2017,0.052540374,33.70245943,33.16601818,33.53452993,201444400
19-06-2017,0.056527859,34.22490701,33.50654275,33.50654275,130165600
20-06-2017,0.055224833,34.25522844,33.80508653,34.25522844,99600400
21-06-2017,0.056067393,34.06864158,33.72811688,33.94036161,85063200
22-06-2017,0.055832208,34.21556294,33.84705133,33.99865617,76425200
23-06-2017,0.056469051,34.32285884,33.84472645,33.84939214,141757600
26-06-2017,0.056018391,34.58408244,33.90770243,34.32519147,102769600
27-06-2017,0.053970728,34.08962043,33.49720168,33.82139811,99047600
28-06-2017,0.056028214,34.07797032,33.38992769,33.70013071,88329600
29-06-2017,0.05392179,33.84940122,33.18467996,33.75144294,125997600
30-06-2017,0.05425493,33.80975667,33.53453744,33.69080451,92096400
03-07-2017,0.053745478,33.88905833,33.37594186,33.79110002,57111200
05-07-2017,0.054323497,33.77010205,33.28730734,33.51354563,86278400
06-07-2017,0.05299105,33.46922667,33.21500135,33.35727486,96515200
07-07-2017,0.054411661,33.76077237,33.32928612,33.32928612,76806800
10-07-2017,0.055273834,34.04065553,33.43890867,33.61150389,84362400
11-07-2017,0.055734317,34.01733636,33.67448053,33.75611066,79127200
12-07-2017,0.05594005,34.09429676,33.77710052,34.02199447,99538000
13-07-2017,0.057928889,34.6330708,33.92170325,33.93569678,100797600
14-07-2017,0.059173171,34.82899652,34.36252634,34.51179666,80528400
17-07-2017,0.059682607,35.19516732,34.65173279,34.71004155,95174000
18-07-2017,0.060192027,35.01556871,34.67504407,34.79865833,71475200
19-07-2017,0.061113009,35.31644857,34.97359278,35.09720706,83692000
20-07-2017,0.060446793,35.39108732,35.02957229,35.33510963,68974800
21-07-2017,0.060378227,35.08788256,34.72403645,34.9829275,105010400
24-07-2017,0.062161333,35.5543548,34.96193572,35.12053742,85972800
25-07-2017,0.062798128,35.88087355,35.40507569,35.40507569,75415600
26-07-2017,0.063503506,35.9018573,35.69894402,35.76658415,63124000
27-07-2017,0.060662285,35.91585396,34.35551146,35.85987629,129905200
28-07-2017,0.059623831,35.03890149,34.7963386,34.95960243,68854800
31-07-2017,0.058869403,35.06221857,34.54910227,34.96192567,79383600
01-08-2017,0.060162671,35.03656725,34.61441241,34.77534515,141474400
02-08-2017,0.06710893,37.25929439,36.42198152,37.14967364,279747200
03-08-2017,0.065570751,36.66687568,36.15609046,36.62955722,108389200
04-08-2017,0.066374148,36.71119401,36.31236408,36.40099454,82239600
07-08-2017,0.068745096,37.06571413,36.54093527,36.63189679,87481200
08-08-2017,0.069989282,37.74441146,36.91409563,36.99106358,144823600
09-08-2017,0.070949426,37.61380406,37.11001568,37.1449995,104526000
10-08-2017,0.065923424,37.46415285,36.20676336,37.44073633,163217200
11-08-2017,0.06804789,37.12930784,36.54393062,36.66803031,105028400
14-08-2017,0.070379019,37.51332586,37.17146389,37.30493165,88490800
15-08-2017,0.072100273,37.97928313,37.49693275,37.61869224,117862000
16-08-2017,0.071460978,38.05187854,37.49928203,37.91841433,110686400
17-08-2017,0.068421699,37.63040157,36.9583859,37.58591231,111762400
18-08-2017,0.0680676,37.34707461,36.69613529,36.96306722,109712400
21-08-2017,0.067782372,36.97009205,36.31915272,36.87877333,105474000
22-08-2017,0.070310196,37.46416075,37.00054277,37.04971248,86418400
23-08-2017,0.070506891,37.57420792,37.20190872,37.24639798,77596400
24-08-2017,0.069808483,37.63741113,37.12462017,37.56482136,79275600
25-08-2017,0.070388874,37.59528239,37.29322918,37.38220413,101920400
28-08-2017,0.071972417,37.93245697,37.44776275,37.49693602,103864000
29-08-2017,0.073388765,38.19470422,37.46415435,37.48757088,118067600
30-08-2017,0.073821494,38.37499033,38.07527747,38.3539176,109078400
31-08-2017,0.074460853,38.52251633,38.27899734,38.31646235,107140400
01-09-2017,0.074510015,38.62085451,38.31411737,38.58807352,66364400
05-09-2017,0.072572389,38.45929428,37.59527668,38.3422188,117874000
06-09-2017,0.072405226,38.16427574,37.58592244,38.09871374,86606800
07-09-2017,0.071765835,37.98864865,37.54844375,37.95352386,87714000
08-09-2017,0.069179011,37.73341399,37.11993981,37.6655118,114446000
11-09-2017,0.072001901,37.94416001,37.43839313,37.58122535,126323200
12-09-2017,0.071372397,38.39138516,37.17614135,38.07528,286856000
13-09-2017,0.070182276,37.45478431,36.97477419,37.43370801,179629600
14-09-2017,0.068834831,37.32366842,37.01693118,37.22766922,95042800
15-09-2017,0.070408519,37.6912779,36.99584931,37.10590054,196458400
18-09-2017,0.069218398,37.58122954,36.99585213,37.48991081,113077600
19-09-2017,0.069277383,37.41029371,37.09887255,37.34941218,83242400
20-09-2017,0.066661106,37.05672909,36.01944207,36.9724346,211805600
21-09-2017,0.064025072,36.48070922,35.7665483,36.48070922,150046800
22-09-2017,0.062549724,35.65416022,35.25376059,35.48322748,186581600
25-09-2017,0.061231731,35.55113194,34.92594946,35.12029513,177549200
26-09-2017,0.063779216,36.04051328,35.51835767,35.53943039,146640000
27-09-2017,0.06485132,36.22783722,35.95153722,36.01241876,102016800
28-09-2017,0.06391691,36.12480646,35.75484754,36.03348773,88022000
29-09-2017,0.064743126,36.08968892,35.59094623,35.87427046,105199200
02-10-2017,0.064438236,36.16461937,35.75953916,36.12013011,74795200
03-10-2017,0.065097193,36.31446688,36.0381705,36.06158345,64921200
04-10-2017,0.064113637,36.02646706,35.69865715,35.97261334,80655200
05-10-2017,0.065992263,36.3964243,36.07095462,36.10139181,85135200
06-10-2017,0.065903762,36.40813672,36.19037445,36.28637721,69630400
09-10-2017,0.066434895,36.69848365,36.40813871,36.48306517,65051600
10-10-2017,0.066493863,36.99584587,36.31680962,36.54159251,62468000
11-10-2017,0.067133174,36.75700565,36.46900105,36.52051453,67622400
12-10-2017,0.066592235,36.84833157,36.46432418,36.60950019,64500400
13-10-2017,0.067565968,36.82725583,36.62354568,36.69847211,65576800
16-10-2017,0.070408519,37.4641512,36.91389505,36.97243279,96486000
17-10-2017,0.070988814,37.66785862,37.28385124,37.41263496,75989200
18-10-2017,0.070290486,37.63040143,37.37049373,37.56249566,65496800
19-10-2017,0.066572509,36.78041741,36.29806721,36.7031472,170336800
20-10-2017,0.066838108,36.937305,36.51817645,36.67037311,95896400
23-10-2017,0.066759462,36.92326658,36.41047539,36.73594509,87937200
24-10-2017,0.067674162,36.86003691,36.5743725,36.59544523,71028800
25-10-2017,0.066995512,36.89048235,36.35661848,36.74062589,84828400
26-10-2017,0.067979067,36.95603949,36.71018031,36.81554751,68002000
27-10-2017,0.073526428,38.30709029,37.15974869,37.29789687,177816800
30-10-2017,0.077136194,39.35375631,38.33519813,38.37500337,178803200
31-10-2017,0.079418049,39.72370379,39.08915677,39.31393967,144187200
01-11-2017,0.077303389,39.79161476,38.77774067,39.77522247,134551200
02-11-2017,0.078503333,39.45443212,38.70046584,39.00954678,165573600
03-11-2017,0.082821233,40.80314135,40.06790755,40.7422634,237594400
06-11-2017,0.084542535,40.97408479,40.20841002,40.36060674,140105200
07-11-2017,0.085093297,41.03495372,40.64860608,40.7211923,97446000
08-11-2017,0.086499791,41.26675797,40.81952887,40.8967991,97638000
09-11-2017,0.086145724,41.23398191,40.54089355,41.00217119,117930400
10-11-2017,0.085573201,41.21301948,40.95217745,41.14957045,100582000
13-11-2017,0.084882229,41.00622538,40.74773198,40.77123268,67928400
14-11-2017,0.082286111,40.76652937,40.22604548,40.66313201,99130000
15-11-2017,0.080055244,40.02395523,39.56806886,39.94170636,116632400
16-11-2017,0.082049211,40.38819047,40.01925383,40.22604495,94550000
17-11-2017,0.081111421,40.27538952,39.86415239,40.19314066,87598000
20-11-2017,0.080943649,40.08035366,39.84536096,40.01690463,65049600
21-11-2017,0.08406292,40.8182294,40.13205117,40.13205117,100525200
22-11-2017,0.08585947,41.12372079,40.66548576,40.73833292,102355600
24-11-2017,0.085869325,41.24121453,41.04146932,41.1472189,56106800
27-11-2017,0.085000678,41.14252184,40.73363325,41.13547234,82867200
28-11-2017,0.083993824,41.09316905,40.38584237,40.95922508,105715200
29-11-2017,0.080450093,40.63493642,39.28137979,40.56679012,166665600
30-11-2017,0.08278957,40.45164545,39.58217313,40.04980634,166108800
01-12-2017,0.081999841,40.34118991,39.5962636,39.93700224,159037200
04-12-2017,0.080766007,40.56444539,39.8618194,40.53154655,130169600
05-12-2017,0.08060801,40.30594217,39.57276263,39.72785864,109400800
06-12-2017,0.079986149,39.99575592,39.11688554,39.36127637,114240000
07-12-2017,0.080292144,40.05215014,39.69261165,39.72080962,102693200
08-12-2017,0.080341498,40.18374798,39.67146567,40.06390301,93420800
11-12-2017,0.083598976,40.62788581,39.66441435,39.76076222,141095200
12-12-2017,0.082641476,40.51038924,40.29184776,40.45398971,77636800
13-12-2017,0.083204176,40.78063882,40.41875158,40.53624795,95273600
14-12-2017,0.083154709,40.68426877,40.33647715,40.5127216,81906000
15-12-2017,0.084882229,40.92867736,40.52684186,40.80178288,160677200
18-12-2017,0.087300624,41.64069908,41.09081711,41.09551797,117684400
19-12-2017,0.085444848,41.21536257,40.90987139,41.13076507,109745600
20-12-2017,0.085257335,41.2224181,40.71248438,41.0931714,93902400
21-12-2017,0.085908824,41.36341686,40.91223129,40.92867892,83799600
22-12-2017,0.085908824,41.2224198,41.00622694,41.04852391,65397600
26-12-2017,0.081526027,40.29419078,39.87355192,40.13674613,132742000
27-12-2017,0.081555623,40.13204152,39.88060127,39.97224825,85992800
28-12-2017,0.082029486,40.38349818,40.06155574,40.18375295,65920800
29-12-2017,0.080203307,40.08740101,39.76546219,40.07095339,103999600
02-01-2018,0.083194305,40.48925249,39.7748725,39.98636813,102223600
03-01-2018,0.08316466,41.01797839,40.40934813,40.54329211,118071600
04-01-2018,0.083954325,40.76417921,40.43753954,40.54563416,89738400
05-01-2018,0.085898922,41.21066058,40.66547949,40.75712648,94640000
08-01-2018,0.085257335,41.26706729,40.8722777,40.97097778,82271200
09-01-2018,0.085237594,41.13782174,40.75008522,41.01797676,86336000
10-01-2018,0.085198078,40.95922325,40.65373206,40.69133175,95839600
11-01-2018,0.08617532,41.2388642,41.00387153,41.02736865,74670800
12-01-2018,0.087962016,41.67830575,41.27646666,41.4010125,101672400
16-01-2018,0.087073579,42.15533039,41.3916043,41.80519006,118263600
17-01-2018,0.089946096,42.12243619,41.14016855,41.39395747,137547200
18-01-2018,0.090104029,42.32218295,41.88744506,42.15063572,124773600
19-01-2018,0.089314364,42.19998877,41.69005505,41.97204557,129700400
22-01-2018,0.087873195,41.77700589,41.4997162,41.66421039,108434400
23-01-2018,0.087912646,42.16708824,41.55140855,41.66420403,130756400
24-01-2018,0.085129031,41.66421154,40.70073991,41.65246118,204420400
25-01-2018,0.082059098,41.11197349,40.07330616,41.00857613,166116000
26-01-2018,0.082453882,40.41873273,39.96284645,40.41873273,156572000
29-01-2018,0.078949682,39.98635497,39.26022846,39.98635497,202561600
30-01-2018,0.077972456,39.33072813,38.70329804,38.89834241,184192800
31-01-2018,0.078426513,39.58217066,39.12628426,39.21323041,129915600
01-02-2018,0.078771976,39.62445977,39.18737329,39.28372114,188923200
02-02-2018,0.071585853,39.19678633,37.62233583,39.00879144,346375200
05-02-2018,0.067627516,38.51060166,36.65885819,37.38733693,290954000
06-02-2018,0.074083247,38.47300905,36.18887948,36.38392388,272975200
07-02-2018,0.070638224,38.39780998,37.38029463,38.32496281,206434400
08-02-2018,0.066304748,37.83381482,36.43090848,37.66696846,217562000
09-02-2018,0.06817807,37.25427749,35.44925503,37.06079967,282690400
12-02-2018,0.074422187,38.66997216,37.16460507,37.39819763,243278000
13-02-2018,0.076037731,38.87289043,38.14144158,38.21222754,130196800
14-02-2018,0.079040827,39.53118098,38.43165339,38.46940277,162579600
15-02-2018,0.084611054,40.84071633,39.87567858,40.0620781,204588800
16-02-2018,0.084056029,41.2489196,40.52926896,40.66847906,160704400
20-02-2018,0.083481199,41.11678784,40.44668839,40.59533855,135722000
21-02-2018,0.082708055,41.08374064,40.34993371,40.77936578,149886400
22-02-2018,0.084125413,41.04363931,40.51511184,40.53634655,123967600
23-02-2018,0.087098753,41.4447387,40.94688258,40.97755732,135249600
26-02-2018,0.090538104,42.32722163,41.57689968,41.60993265,152648800
27-02-2018,0.089963146,42.58438368,42.0369799,42.25877415,155712400
28-02-2018,0.089695592,42.61743053,42.01103888,42.29653731,151128400
01-03-2018,0.086603226,42.41922615,40.73925794,42.12664592,195208000
02-03-2018,0.087802545,41.59812756,40.68971552,40.77229975,153816000
05-03-2018,0.088407148,41.93789951,41.1781376,41.34094424,113605600
06-03-2018,0.088258461,42.05823133,41.55801677,41.97800892,95154000
07-03-2018,0.086632967,41.49194327,41.11914063,41.27722721,126814000
08-03-2018,0.088526062,41.79160348,41.30790723,41.40464432,95096400
09-03-2018,0.091539109,42.47114306,41.85531134,41.98980502,128740800
12-03-2018,0.093263696,43.03506643,42.52069541,42.53956831,128828400
13-03-2018,0.091529174,43.2969638,42.29181488,43.08224775,126774000
14-03-2018,0.090012708,42.59382434,41.95439631,42.54663492,117473600
15-03-2018,0.09022094,42.527783,42.01577008,42.11722722,90975200
16-03-2018,0.089596468,42.26349952,41.90957338,42.15260237,157618800
19-03-2018,0.086900552,41.87417619,40.97520449,41.83878502,133787200
20-03-2018,0.086841135,41.71610131,41.27723269,41.34801865,78597600
21-03-2018,0.082906305,41.31261928,40.4089274,41.30082102,148219600
22-03-2018,0.080507779,40.74398228,39.78130618,40.11163586,165963200
23-03-2018,0.076632463,40.09276642,38.91773224,39.73176192,164115200
26-03-2018,0.084393047,40.84308866,39.27165532,39.65625632,150164800
27-03-2018,0.080002269,41.32677579,39.38490197,40.97992787,163690400
28-03-2018,0.078158736,40.11634598,38.97670347,39.46276142,166674000
29-03-2018,0.079447212,40.52453904,39.38017653,39.59489257,153594000
02-04-2018,0.078357001,39.8615287,38.80682834,39.31884114,150347200
03-04-2018,0.080051879,39.81670438,38.90357578,39.5547988,121112000
04-04-2018,0.083243274,40.58588734,38.87760621,38.90356094,138422000
05-04-2018,0.084422723,41.10969711,40.60240445,40.72037982,107732800
06-04-2018,0.080041928,40.69678903,39.68691999,40.34050465,140021200
09-04-2018,0.081697099,40.8407132,40.0762351,40.08331334,116070800
10-04-2018,0.084868768,41.05543829,40.47263953,40.81948749,113634400
11-04-2018,0.084065948,41.0365612,40.51275016,40.63780379,89726400
12-04-2018,0.085750795,41.29136911,40.8289042,40.9162084,91557200
13-04-2018,0.086335609,41.48957805,41.02003837,41.23947083,100497200
16-04-2018,0.087415965,41.57216391,41.25127074,41.29846017,86313600
17-04-2018,0.089814539,42.22103489,41.62407968,41.64295617,106421600
18-04-2018,0.08941812,42.19273269,41.73498746,41.95442002,83018000
19-04-2018,0.084422723,41.38340084,40.73925632,40.99879997,139235200
20-04-2018,0.07740543,40.3994743,39.03331789,40.25318604,261964400
23-04-2018,0.07692974,39.38489803,38.71715698,39.36366332,146062000
24-04-2018,0.074650161,39.24569673,38.03998801,39.08996834,134768000
25-04-2018,0.075353841,39.03097616,38.32076563,38.37031328,113528400
26-04-2018,0.075918816,39.1041253,38.54728126,38.72424436,111852000
27-04-2018,0.074035672,38.7737975,37.90078021,38.6959333,142623200
30-04-2018,0.076949578,39.46512666,38.18627385,38.2547016,169709600
01-05-2018,0.080755575,39.92287728,38.99559231,39.26457609,214277600
02-05-2018,0.088159304,41.94024341,41.00823872,41.34564655,266157600
03-05-2018,0.088476516,41.88126916,41.15926025,41.49903,136272800
04-05-2018,0.095355009,43.4739387,42.03935727,42.05823377,224805200
07-05-2018,0.096673194,44.2808834,43.59190754,43.69336465,169805600
08-05-2018,0.097555269,43.93874706,43.33707195,43.64852866,113611200
09-05-2018,0.098853697,44.21717723,43.70280623,44.01662122,92844800
10-05-2018,0.101509905,44.91794444,44.2761581,44.2973964,111957200
11-05-2018,0.100793582,45.01773732,44.39953084,44.88272862,104848800
14-05-2018,0.100355774,44.89219552,44.4966387,44.76902698,83115200
15-05-2018,0.09865439,44.30951692,43.84290122,44.24082532,94780800
16-05-2018,0.100385626,44.63875778,44.05607901,44.07266099,76732400
17-05-2018,0.099201643,44.74534512,44.14134976,44.52980107,69176000
18-05-2018,0.098525028,44.48478843,44.08686436,44.33793601,73190800
21-05-2018,0.099838406,44.83061285,44.27162162,44.52979884,73603200
22-05-2018,0.099370792,44.73824168,44.24083286,44.61981135,60962800
23-05-2018,0.100564759,44.64823832,43.99923876,44.13898931,80233600
24-05-2018,0.100355774,44.72876111,44.1058201,44.71218274,92936000
25-05-2018,0.100783583,44.92061044,44.44688925,44.58426882,69844000
29-05-2018,0.100107017,44.7074403,44.26214119,44.43505204,90056400
30-05-2018,0.099709044,44.52979582,44.24082558,44.46347513,74762000
31-05-2018,0.099082231,44.58427661,44.08923874,44.34504866,109931200
01-06-2018,0.102435245,45.06510219,44.47058331,44.52743117,93770000
04-06-2018,0.10401725,45.81358879,45.3232891,45.3919771,105064800
05-06-2018,0.105489746,45.93674852,45.56250831,45.73068094,86264000
06-06-2018,0.106156346,45.96990409,45.45828434,45.86331754,83734400
07-06-2018,0.105638994,45.99832981,45.55776893,45.98411875,85388800
08-06-2018,0.103887855,45.47723643,44.94903829,45.28064169,106627200
11-06-2018,0.10342021,45.47012753,45.0532542,45.32327512,73234000
12-06-2018,0.104464897,45.621713,45.27589499,45.33274283,67644400
13-06-2018,0.102892923,45.68568104,45.1077405,45.57672355,86553600
14-06-2018,0.102992416,45.37539212,45.05562883,45.37065389,86440400
15-06-2018,0.101042291,45.04141753,44.59138017,45.01062449,246876800
18-06-2018,0.100942782,44.81876257,44.34030315,44.50137024,73939600
19-06-2018,0.097908198,44.13424524,43.45208542,43.85238049,134314000
20-06-2018,0.098714111,44.34031269,43.99212724,44.1389833,82514800
21-06-2018,0.097679311,44.61269238,43.80499692,44.35214429,102847600
22-06-2018,0.097142057,44.09160382,43.74815664,44.08449829,108801600
25-06-2018,0.094405921,43.80026579,42.8078192,43.44023663,126652400
26-06-2018,0.096654478,44.18160129,43.23652633,43.34311648,98276800
27-06-2018,0.096385883,44.35925465,43.58945767,43.87368967,101141200
28-06-2018,0.097719147,44.10582142,43.53498641,43.60604532,69460800
29-06-2018,0.097331109,44.33794262,43.32417939,44.12476588,90950800
02-07-2018,0.099390694,44.36400466,43.44498409,43.53973053,70925200
03-07-2018,0.096147125,44.51795987,43.47340351,44.4800613,55819200
05-07-2018,0.097619638,44.15319105,43.64867675,43.88079916,66416800
06-07-2018,0.100176673,44.63164368,43.86658491,43.91869453,69940800
09-07-2018,0.102773512,45.16457974,44.83771455,44.88508595,79026400
10-07-2018,0.102544689,45.30670062,45.04615248,45.17169194,63756400
11-07-2018,0.100087099,44.95139931,44.43741229,44.64821806,75326000
12-07-2018,0.10322124,45.33749049,44.84008176,44.89219138,72164400
13-07-2018,0.103519767,45.43934774,45.21669815,45.25933495,50055600
16-07-2018,0.103101845,45.63119413,45.10299599,45.3635441,60172400
17-07-2018,0.103639162,45.44645446,44.81403692,44.94431101,62138000
18-07-2018,0.102594459,45.42987752,44.98694561,45.4251393,65573600
19-07-2018,0.104066956,45.60751056,44.93008908,44.93008908,81147200
20-07-2018,0.103629196,45.57909039,45.04378666,45.42513243,82704800
23-07-2018,0.103798313,45.46776365,44.89929603,45.16457875,63957600
24-07-2018,0.105181284,45.87042111,45.48907542,45.58381821,74791600
25-07-2018,0.106992112,46.15228528,45.57907949,45.72830282,66839600
26-07-2018,0.106385201,46.41520413,45.85858029,46.09544088,76304000
27-07-2018,0.103171437,46.23281071,45.0271914,46.18543933,96096000
30-07-2018,0.102106928,45.52461757,44.78324617,45.45355865,84118000
31-07-2018,0.102484967,45.51039817,44.84718773,45.07457551,157492000
01-08-2018,0.113638513,47.78901091,46.73498158,47.16606976,271742800
02-08-2018,0.119498775,49.35702141,47.45503076,47.50950769,249616000
03-08-2018,0.120095766,49.44229393,48.67012589,49.03726062,133789600
06-08-2018,0.12117029,49.56308377,49.04672936,49.267008,101701600
07-08-2018,0.119220117,49.62228708,48.97328785,49.57965392,102349600
08-08-2018,0.119359478,49.22200829,48.44273839,48.80513487,90102000
09-08-2018,0.12098127,49.68862556,49.07752466,49.6294104,93970400
10-08-2018,0.120362246,49.70126402,49.12367214,49.28767976,98444800
13-08-2018,0.121700124,50.14098193,49.36848516,49.75116832,103563600
14-08-2018,0.12257877,50.04828424,49.50159348,49.95320916,82992000
15-08-2018,0.123068048,50.0910785,49.51824145,49.72978662,115230400
16-08-2018,0.126143221,50.82077779,50.264581,50.33113428,114001600
17-08-2018,0.130396608,51.80482161,50.6662818,50.73283508,141708000
20-08-2018,0.128279946,52.0971907,51.12978875,51.84048722,121150800
21-08-2018,0.127860533,51.62417477,50.87306938,51.53147531,104639200
22-08-2018,0.127870516,51.42688786,50.82790479,50.88970685,76072400
23-08-2018,0.128309879,51.59090594,51.00856289,51.02044455,75532800
24-08-2018,0.128978786,51.55523798,51.12977218,51.4839335,73905600
27-08-2018,0.130756028,51.9925944,51.41975752,51.61466249,82100400
28-08-2018,0.132513367,52.42045456,52.03539569,52.05678705,91107200
29-08-2018,0.135788199,53.12162924,52.15184831,52.32773755,109019200
30-08-2018,0.137835013,54.25541275,52.86254164,53.06458069,195175200
31-08-2018,0.140430971,54.40040198,53.71822917,53.83945041,173360400
04-09-2018,0.141159873,54.47409506,53.86798509,54.29107535,109560400
05-09-2018,0.139672185,54.59056619,53.50431872,54.42893783,133332000
06-09-2018,0.135908043,54.03912258,52.60108938,53.77290584,137160000
07-09-2018,0.134110836,53.56849126,52.46085247,52.73182043,150479200
10-09-2018,0.131145444,52.73181986,51.45303942,52.5178955,158066000
11-09-2018,0.136656862,53.31415946,51.47442748,51.81907914,142996000
12-09-2018,0.133881227,53.48055395,52.25406571,53.46629305,197114800
13-09-2018,0.139212888,54.2768108,52.90295535,53.12876136,166825600
14-09-2018,0.136646831,53.91788488,52.89106052,53.65880228,127997200
17-09-2018,0.130696146,52.99327821,51.64319327,52.80312443,148780400
18-09-2018,0.131055613,52.73182612,51.60754345,51.76679622,126286800
19-09-2018,0.13118536,52.20176195,51.17493742,51.93554886,108495200
20-09-2018,0.132842806,52.83402651,52.09005152,52.34913781,106435200
21-09-2018,0.130476456,52.61534264,51.64793738,52.47748126,384986800
24-09-2018,0.13360156,52.59156595,51.4910579,51.53621982,110773600
25-09-2018,0.13499948,52.96238785,52.22078838,52.23267367,98217600
26-09-2018,0.133232206,53.18343455,52.23504485,52.5297834,95938800
27-09-2018,0.13775515,53.8228198,53.13351284,53.20006974,120724800
28-09-2018,0.138543949,53.68020769,53.24761137,53.43063108,91717600
01-10-2018,0.140061617,54.53115256,53.80144196,54.18174596,94403200
02-10-2018,0.142078434,54.6690018,53.86798324,54.0153507,99152800
03-10-2018,0.144864101,55.49378856,54.61670707,54.68088474,114619200
04-10-2018,0.140790438,55.22757646,53.89174885,54.85439937,128168000
05-10-2018,0.137096161,54.29106963,52.42994635,54.18410927,134322000
08-10-2018,0.136576983,53.43300458,52.33962316,52.81738499,118655600
09-10-2018,0.139672185,54.02010846,52.82689699,53.15728779,107564000
10-10-2018,0.129178493,53.80142879,51.3532076,53.58988367,167962400
11-10-2018,0.127271473,52.17324613,50.46662415,50.98954434,212497600
12-10-2018,0.134919537,52.97663292,51.54097558,52.39191078,161351600
15-10-2018,0.130176935,52.7270617,51.64318995,52.56780897,123164000
16-10-2018,0.134959533,53.00279459,51.52197489,52.03776468,116736000
17-10-2018,0.134001007,52.91959523,52.13521315,52.83878105,91541600
18-10-2018,0.128839056,52.23029668,50.62825573,51.78343579,130325200
19-10-2018,0.132123903,52.59157577,51.68121766,51.83096434,132314800
22-10-2018,0.133461814,53.0907278,52.04013271,52.24216814,115168400
23-10-2018,0.135538609,53.06458714,51.03232563,51.30091798,155071200
24-10-2018,0.127910463,53.29752131,50.99429194,52.91008694,163702000
25-10-2018,0.132613149,52.62010149,51.5195896,51.74777485,119423200
26-10-2018,0.12911858,52.33724717,50.54980761,51.31754948,189033600
29-10-2018,0.125064899,52.21840467,48.98580139,52.09955902,183742000
30-10-2018,0.126123255,51.14641546,49.74166255,50.18851975,146640000
31-10-2018,0.131674637,52.39905415,51.4886959,51.55049797,153435600
01-11-2018,0.135029397,52.85303982,51.53385233,52.06628217,233292800
02-11-2018,0.120312283,50.78274759,48.82892471,49.80821539,365314800
05-11-2018,0.114431414,48.58172364,47.10328349,48.56033229,264654800
06-11-2018,0.116608055,48.66016653,47.93996213,47.99463012,127531600
07-11-2018,0.122778446,49.92943598,48.51992826,48.9572794,133697600
08-11-2018,0.122046997,50.1179464,49.31413316,50.08455367,101450400
09-11-2018,0.118019243,49.13762959,48.2407934,49.02791214,137463200
12-11-2018,0.107699396,47.66835593,46.22291765,47.46561191,204542000
13-11-2018,0.105755649,47.03150282,45.66478044,45.70771605,187531600
14-11-2018,0.100315201,46.38750512,44.34815239,46.24916268,243204000
15-11-2018,0.104934081,45.78881391,44.57951235,44.93490947,185915200
16-11-2018,0.107058211,46.5043858,45.19013792,45.43819787,147713200
19-11-2018,0.099373356,45.48589057,44.1239396,45.31892683,167701200
20-11-2018,0.090476235,43.28435346,41.86276843,42.54493781,271300800
21-11-2018,0.090275823,42.99812219,42.11082501,42.86931899,124496800
23-11-2018,0.085777171,42.12275767,41.0494145,41.72681242,94496000
26-11-2018,0.08811168,41.72919826,40.61053553,41.5598506,179994000
27-11-2018,0.087730917,41.68625681,40.75841159,40.90867713,165549600
28-11-2018,0.09444385,43.24140851,41.72441698,42.15375489,184250000
29-11-2018,0.093051121,43.601566,42.38510949,43.56817326,167080000
30-11-2018,0.092079296,43.01243145,42.22531254,43.00288859,158126000
03-12-2018,0.098331329,44.11200678,43.22232583,43.99751789,163210000
04-12-2018,0.090185655,43.50378556,42.0440402,43.16031521,165377200
06-12-2018,0.088211831,41.68863851,40.64868834,40.96830513,172393600
07-12-2018,0.081969844,41.61947871,40.14303498,41.38095801,169126400
10-12-2018,0.08308196,40.56997872,38.95758035,39.35590942,248104000
11-12-2018,0.082110055,40.97545548,39.83294332,40.94445028,189126800
12-12-2018,0.082580985,41.00646957,40.31476114,40.64391716,142510800
13-12-2018,0.084434581,41.16151815,40.44118463,40.66539467,127594400
14-12-2018,0.078954009,40.32907768,39.42269836,40.30999559,162814800
17-12-2018,0.077411038,40.15495782,38.81446913,39.46324567,177151600
18-12-2018,0.079545119,39.95936021,39.21040559,39.44654232,135366000
19-12-2018,0.074355127,39.94028235,37.94624956,39.59442814,196189200
20-12-2018,0.070287265,38.66657697,37.04225217,38.25870512,259092000
21-12-2018,0.064175506,37.72442745,35.68984657,37.41434987,382978400
24-12-2018,0.060267965,36.14780175,34.96473784,35.33682944,148676800
26-12-2018,0.070627952,37.50260335,34.99575246,35.37261555,234330000
27-12-2018,0.069605955,37.39288038,35.79479288,37.1710543,212468400
28-12-2018,0.069686156,37.81030211,36.86337465,37.56700998,169165600
31-12-2018,0.071199081,38.0106585,37.32371773,37.81268588,140014000
02-01-2019,0.071379399,37.88900903,36.78704109,36.9444656,148158800
03-01-2019,0.055619024,34.75723031,33.86993318,34.34220306,365248800
04-01-2019,0.06170077,35.43225211,34.29927875,34.47339784,234428400
07-01-2019,0.061370098,35.49902975,34.80016234,35.4680209,219111200
08-01-2019,0.06419552,36.21220046,35.42508172,35.67314155,164101200
09-01-2019,0.066760471,36.85859189,35.68984228,36.08578375,180396400
10-01-2019,0.067251464,36.72503065,35.98323117,36.37440495,143122800
11-01-2019,0.065738507,36.66062146,36.13826068,36.46503643,108092800
14-01-2019,0.063444121,36.08102516,35.59205703,35.98084691,129756800
15-01-2019,0.066520047,36.58668544,35.79002728,35.84250211,114843600
16-01-2019,0.068393657,37.18060421,36.4936635,36.51274559,122278800
17-01-2019,0.069315424,37.60516876,36.55567566,36.77988567,119284800
18-01-2019,0.070277298,37.65764702,37.20445553,37.56700799,135004000
22-01-2019,0.066750488,37.38334404,36.40302393,37.30701932,121576000
23-01-2019,0.067371692,37.00409978,36.18358802,36.76796299,92522400
24-01-2019,0.066149331,36.84667422,36.19312988,36.75842273,101766000
25-01-2019,0.071219111,37.71727964,36.80851635,37.0851976,134142000
28-01-2019,0.069756277,37.28793612,36.65108638,37.15913292,104768400
29-01-2019,0.068133122,37.71727016,36.75841616,37.26885019,166348800
30-01-2019,0.078723519,39.63019825,38.21815667,38.93848993,244439200
31-01-2019,0.079915835,40.3099874,39.25095519,39.62066291,162958400
01-02-2019,0.079996036,40.30522659,39.57773773,39.8234174,130672400
04-02-2019,0.084735144,40.94445878,39.89973708,39.93074594,125982000
05-02-2019,0.087670795,41.7601992,41.10903879,41.23068302,144406400
06-02-2019,0.087730917,41.87707407,41.22829758,41.65763186,112958400
07-02-2019,0.084424582,41.48829393,40.6296179,41.12096999,126966800
08-02-2019,0.084625796,40.88051885,40.34393977,40.4804814,95280000
11-02-2019,0.083639693,41.01227135,40.54276418,40.97394349,83973600
12-02-2019,0.085108808,40.96196931,40.65056179,40.74638146,89134000
13-02-2019,0.084394361,41.3164884,40.70325723,41.05538669,89960800
14-02-2019,0.085018241,41.02424672,40.57390712,40.65295697,87342800
15-02-2019,0.084635875,41.12964799,40.66253856,41.02185407,98507200
19-02-2019,0.085149013,41.06736002,40.60025068,40.65295057,75891200
20-02-2019,0.086255905,41.51771166,40.95957446,41.00748246,104457600
21-02-2019,0.085279833,41.2901352,40.79428177,41.15359722,68998800
22-02-2019,0.087201724,41.4410468,41.0529873,41.10089529,75652800
25-02-2019,0.088469545,42.12853098,41.66860771,41.71891348,87493600
26-02-2019,0.088570192,41.99199734,41.48176826,41.61112387,68280800
27-02-2019,0.089113567,41.92013797,41.37637287,41.49135645,111341600
28-02-2019,0.087382843,41.89857743,41.42188429,41.75724757,112861600
01-03-2019,0.089214198,41.95606853,41.4147012,41.74766672,103544800
04-03-2019,0.090099654,42.57887636,41.67340181,42.08541711,109744800
05-03-2019,0.089777683,42.15968206,41.80994673,42.14531003,78949600
06-03-2019,0.088761391,42.03751433,41.66622096,41.84108679,83241600
07-03-2019,0.086728822,41.78599672,41.2063015,41.64945508,99185600
08-03-2019,0.087141377,41.45782249,40.60264988,40.79907743,95997600
11-03-2019,0.093168658,42.90705475,42.00397788,42.03751384,128044000
12-03-2019,0.095191131,43.75742223,42.96692774,43.11784135,129870400
13-03-2019,0.095996163,43.90834693,43.33823194,43.6568254,124130000
14-03-2019,0.098028747,44.09998617,43.73108692,44.05207452,94318000
15-03-2019,0.10043365,44.87371556,44.01375468,44.27964829,156171600
18-03-2019,0.102345462,45.12762381,44.50480891,44.50720669,104879200
19-03-2019,0.100846189,45.27135447,44.53595373,45.11804669,126585600
20-03-2019,0.102486345,45.39112614,44.25089606,44.61021152,124140800
21-03-2019,0.10945946,47.02959458,45.46776931,45.51807507,204136800
22-03-2019,0.105394355,47.35538602,45.70013847,46.79245696,169630800
25-03-2019,0.103069941,45.98758291,44.69884073,45.87499712,175381200
26-03-2019,0.101107814,46.20318171,44.21496863,45.91093816,199202000
27-03-2019,0.102798253,45.45579539,44.68686243,45.21385766,119393600
28-03-2019,0.103049814,45.40788843,44.92161517,45.26176668,83121600
29-03-2019,0.104287463,45.53245028,45.16355107,45.47256438,94256000
01-04-2019,0.105585538,45.91572557,45.12523444,45.90614544,111448000
02-04-2019,0.108382822,46.58165329,45.76480868,45.77438881,91062800
03-04-2019,0.109721117,47.07032311,46.26785049,46.29180631,93087200
04-04-2019,0.110063262,47.03918875,46.26546373,46.66070932,76457200
05-04-2019,0.111381351,47.21404219,46.93377297,47.05833666,74106400
08-04-2019,0.11450067,47.96381259,47.03198816,47.05115209,103526800
09-04-2019,0.113896932,48.59142058,47.72427026,47.98537556,143072800
10-04-2019,0.115023919,48.08598725,47.47275252,47.59252433,86781200
11-04-2019,0.113343478,48.14825728,47.53502633,48.1123272,83603200
12-04-2019,0.113263021,47.94226006,47.00085538,47.71708847,111042800
15-04-2019,0.113625261,47.87279321,47.43203018,47.56857179,70146400
16-04-2019,0.113645403,48.23690009,47.56378306,47.77937453,102785600
17-04-2019,0.117549611,48.71839422,47.57576986,47.79854372,115627200
18-04-2019,0.118284137,48.90283626,48.51238258,48.65610659,96783200
22-04-2019,0.118958268,49.09206828,48.46925343,48.58663111,77758000
23-04-2019,0.121926608,49.76517828,48.84293404,48.96989185,93292000
24-04-2019,0.121604685,49.94005894,49.59751327,49.67177122,70162400
25-04-2019,0.11971292,49.76757477,49.13517984,49.54480098,74172800
26-04-2019,0.118726865,49.1064463,48.41655944,49.08249047,74596400
29-04-2019,0.119038789,49.33880287,48.83336565,48.9627176,88818800
30-04-2019,0.115074314,48.72319007,47.69554915,48.64174609,186139600
01-05-2019,0.12498558,51.57613468,50.11970907,50.27541462,259309200
02-05-2019,0.123607017,50.93894272,49.85620833,50.26582582,127985200
03-05-2019,0.126223229,50.7449162,50.35925085,50.51735051,83569600
06-05-2019,0.122932853,50.02628406,48.74712212,48.93635996,129772400
07-05-2019,0.117277875,49.68613698,48.10754541,49.31724142,155054800
08-05-2019,0.117318128,49.18788823,48.32792747,48.36385755,105358000
09-05-2019,0.115124518,48.31114799,47.10864184,48.0045325,139634400
10-05-2019,0.112326561,47.81668553,46.3546512,47.4728171,164834800
13-05-2019,0.10075083,45.56352565,43.96923755,45.1379032,229722400
14-05-2019,0.103720533,45.61642763,44.58482947,44.82529562,146118800
15-05-2019,0.106003316,46.10937352,44.73150383,44.79162035,106178800
16-05-2019,0.105154812,46.28250413,45.40961113,45.66691158,132125600
17-05-2019,0.104063928,45.90497754,44.90944802,44.95032682,131516400
20-05-2019,0.098094205,44.3299252,43.35122645,44.1303379,154449200
21-05-2019,0.101639699,45.20763041,44.41409148,44.53913489,113459200
22-05-2019,0.097781064,44.65695627,43.89708259,44.40446616,118994400
23-05-2019,0.094629553,43.41374465,42.75727328,43.2358021,146118800
24-05-2019,0.093932603,43.79849769,42.95205594,43.33199284,94858800
28-05-2019,0.093185162,43.4257843,42.78133673,43.02420624,111792800
29-05-2019,0.092326562,43.12760347,42.32204044,42.42303578,113924800
30-05-2019,0.093255812,43.09873469,42.48314211,42.7909384,84873600
31-05-2019,0.089993175,42.80055678,42.07915858,42.37733415,108174400
03-06-2019,0.088205293,42.78372354,40.94415954,42.22584416,161584400
04-06-2019,0.094609378,43.24302344,41.96614891,42.1873773,123872000
05-06-2019,0.097538652,44.4838249,43.55802895,44.31309236,119093600
06-06-2019,0.100245753,44.59925151,43.80090223,44.02453763,90105200
07-06-2019,0.105225542,46.15025448,44.6713894,44.84933197,122737600
10-06-2019,0.107680088,46.97985874,46.0781109,46.12380004,104883600
11-06-2019,0.109932634,47.13135866,46.55424145,46.85722744,107731600
12-06-2019,0.109306383,47.12414681,46.50374377,46.63840421,73012800
13-06-2019,0.109265938,47.32131943,46.55423569,46.81874619,86698400
14-06-2019,0.107841722,46.5518328,45.76070092,46.06128356,75046000
17-06-2019,0.10900332,46.88127051,46.21036806,46.38590728,58676400
18-06-2019,0.113609413,48.16295773,46.94139306,47.14338372,106204000
19-06-2019,0.113023558,48.06437107,47.44637135,48.01627491,84496800
20-06-2019,0.114629583,48.23989816,47.61949526,48.18218498,86056000
21-06-2019,0.113942761,48.29762475,47.64836325,47.80466844,191202400
24-06-2019,0.113740762,48.13170699,47.65317801,47.74214932,72881600
25-06-2019,0.110700314,47.91527476,46.96062403,47.71568745,84281200
26-06-2019,0.114973074,48.33129079,47.45599419,47.55698953,104270000
27-06-2019,0.114912455,48.47075794,47.9898257,48.16295793,83598800
28-06-2019,0.113074034,47.97298496,47.38384377,47.775801,124442400
01-07-2019,0.11674075,49.17292103,48.24952829,48.85550397,109012000
02-07-2019,0.11793265,48.84588347,48.42025742,48.43228146,67740800
03-07-2019,0.119629611,49.16088877,48.7400731,48.88194722,45448000
05-07-2019,0.11944777,49.31478353,48.79056557,48.89877824,69062000
08-07-2019,0.11519528,48.42987465,47.71088331,48.28800052,101354400
09-07-2019,0.11642756,48.45631495,47.80705731,47.90083893,82312000
10-07-2019,0.118437679,48.99015568,48.46834471,48.53808193,71588400
11-07-2019,0.116942749,49.14886847,48.50442106,48.88916463,80767200
12-07-2019,0.118508441,49.05509391,48.62225411,48.68237065,70380800
15-07-2019,0.120437671,49.50474745,49.05507708,49.07671815,67789600
16-07-2019,0.119720595,49.56248564,48.93486874,49.19697601,67467200
17-07-2019,0.118558901,49.31718947,48.8795431,49.06710635,56430000
18-07-2019,0.120892225,49.50715698,48.98293903,49.05507958,74162400
19-07-2019,0.117791205,49.65624575,48.66071632,49.48551322,83717200
22-07-2019,0.122468012,49.831791,48.96130486,48.97092189,89111600
23-07-2019,0.124104387,50.23577894,49.84622132,50.12756992,73420800
24-07-2019,0.123932657,50.29348514,49.81736328,49.93759633,59966400
25-07-2019,0.122265981,50.31512699,49.71155474,50.23096238,55638400
26-07-2019,0.122993264,50.43295482,49.8101485,49.89190609,70475600
29-07-2019,0.124952843,50.65177802,50.12275335,50.1275637,86693600
30-07-2019,0.1240438,50.53636563,49.85103565,50.19971083,135742800
31-07-2019,0.128346814,53.23198414,50.81049221,52.04167757,277125600
01-08-2019,0.123690245,52.42883001,49.71396902,51.43570372,216071600
02-08-2019,0.119235708,49.63942279,48.48518827,49.42300474,163448400
05-08-2019,0.108447783,47.76859279,46.30896536,47.60988794,209572000
06-08-2019,0.112144768,47.62912668,46.66004483,47.20590396,143299200
07-08-2019,0.114205379,47.98742058,46.60714734,46.98948761,133457600
08-08-2019,0.118639726,48.94207024,47.94654062,48.1413176,108038000
09-08-2019,0.11694645,48.9421588,48.10457074,48.58974642,98478800
12-08-2019,0.116429307,48.7707755,48.07077207,48.18422084,89927600
13-08-2019,0.125037675,51.20629729,48.39180867,48.52215579,188874000
14-08-2019,0.118730999,49.83044265,48.90112902,49.03871727,146189600
15-08-2019,0.117706855,49.51663143,48.19628418,49.1111153,108909600
16-08-2019,0.122533278,50.00423647,49.20285382,49.30906152,110481600
19-08-2019,0.126436973,51.34872382,50.6969991,50.8394123,97654400
20-08-2019,0.126447052,51.49836859,50.76698828,50.90216034,107537200
21-08-2019,0.128758856,51.57078427,51.07595871,51.41147642,86141600
22-08-2019,0.128576278,51.7614581,50.87076651,51.45973351,89014800
23-08-2019,0.118619408,51.18456911,48.51732254,50.55215176,187272000
26-08-2019,0.122523119,50.0114715,49.49733145,49.69043599,104174400
27-08-2019,0.120160615,50.33974338,49.12801611,50.17319078,103493200
28-08-2019,0.121549739,49.65664537,49.07733541,49.26561133,63755200
29-08-2019,0.125078247,50.5256136,49.88354254,50.32768042,83962000
30-08-2019,0.124804493,50.79836982,50.01388559,50.72837131,84573600
03-09-2019,0.121722093,49.96077929,49.29457251,49.82801969,80092000
04-09-2019,0.125260745,50.56422687,50.04284943,50.30112383,76752400
05-09-2019,0.129407765,51.64802463,51.05422883,51.17250623,95654800
06-09-2019,0.129387479,51.75664399,51.2956078,51.66733467,77449200
09-09-2019,0.130310175,52.24423357,50.94802549,51.8580245,109237600
10-09-2019,0.132875447,52.3263024,51.10250897,51.62147396,127111600
11-09-2019,0.139861509,53.99906848,52.55561484,52.63768676,177158400
12-09-2019,0.139354541,54.65320607,53.7938947,54.26217203,128906800
13-09-2019,0.134954036,53.29423575,52.38423671,53.10354736,159053200
16-09-2019,0.136120041,53.13492292,52.51457522,52.55560933,84632400
17-09-2019,0.136931194,53.30147479,52.89112629,53.09388807,73274800
18-09-2019,0.13903007,53.79147803,52.96837221,53.35940622,101360000
19-09-2019,0.137194821,54.0111264,53.19284928,53.58871188,88242400
20-09-2019,0.133919797,53.72147526,52.49285325,53.43664893,221652400
23-09-2019,0.134923623,53.06492652,52.53630425,52.85009868,76662000
24-09-2019,0.133869113,53.70458452,52.42527104,53.35216844,124763200
25-09-2019,0.13726576,53.46560253,52.41318691,52.75353316,87613600
26-09-2019,0.13610993,53.33044534,52.82113389,53.10354777,75334000
27-09-2019,0.135024975,53.33526276,52.44698351,53.23388004,101408000
30-09-2019,0.140246775,54.20905895,53.29422773,53.32077965,103909600
01-10-2019,0.14087543,55.08768501,54.11733742,54.3273403,139223200
02-10-2019,0.13516698,53.96768954,52.60389162,53.84217102,138449200
03-10-2019,0.13705288,53.33526854,51.92802423,52.72457442,114426000
04-10-2019,0.14332919,54.91148491,54.04251626,54.46493086,138478800
07-10-2019,0.143379858,55.5004407,54.51319847,54.61699367,122306000
08-10-2019,0.140682789,55.04906586,54.14872041,54.50837757,111820000
09-10-2019,0.143349493,54.9839005,54.46493543,54.80045319,74770400
10-10-2019,0.146452114,55.6235507,54.86561843,55.01768517,113013600
11-10-2019,0.152657438,57.36148292,56.07492842,56.22941131,166795600
14-10-2019,0.152312665,57.47975516,56.64457969,56.70009599,96427600
15-10-2019,0.151755012,57.36389086,56.69527167,57.05975373,87360000
16-10-2019,0.150791792,56.78217697,56.28976019,56.33079431,73903200
17-10-2019,0.151714472,57.00182736,56.36700111,56.74596541,67585200
18-10-2019,0.152860254,57.34700817,56.55286663,56.6252813,97433600
21-10-2019,0.157017402,58.17011375,57.28425042,57.33252563,87247200
22-10-2019,0.156459717,58.46217418,57.83941399,58.21114086,82293600
23-10-2019,0.159724614,58.71321635,58.22562818,58.43804356,75828800
24-10-2019,0.160130231,59.08977555,58.36804862,59.01977335,69275200
25-10-2019,0.163171977,59.55561848,58.62630875,58.69389478,73477200
28-10-2019,0.165676469,60.16391014,59.55321959,59.7221847,96572800
29-10-2019,0.159836125,60.28459173,58.55148692,60.09631582,142839600
30-10-2019,0.159805696,59.21044956,58.22320733,59.08010244,124522000
31-10-2019,0.165382364,60.14458654,57.26975309,59.67872543,139162000
01-11-2019,0.172540829,61.77631936,60.14218105,60.23390286,151125200
04-11-2019,0.174244232,62.23976927,61.643561,62.11424708,103272000
05-11-2019,0.173869078,62.32183713,61.87045818,62.04666068,79897600
06-11-2019,0.173980637,62.15287806,61.6411541,61.97908432,75864400
07-11-2019,0.17699088,63.03189385,62.48957487,62.64210185,94940400
08-11-2019,0.177713003,63.05369223,62.18453802,62.63000939,69986400
11-11-2019,0.179807921,63.54514764,62.53072952,62.53556895,81821200
12-11-2019,0.179563843,63.62262746,63.16989334,63.32241293,87388800
13-11-2019,0.182116472,64.10440969,63.20620434,63.22073001,102734400
14-11-2019,0.180255457,64.12863444,63.4555843,63.8550552,89182800
15-11-2019,0.183428424,64.34652186,63.67589518,63.83810103,100206400
18-11-2019,0.18479114,64.74598313,63.97125342,64.35135174,86703200
19-11-2019,0.183967408,64.88399012,64.25210107,64.85977819,76167200
20-11-2019,0.18081476,64.419149,63.04399749,64.28841791,106234400
21-11-2019,0.179614624,63.91797413,63.23281466,63.84049896,121395200
22-11-2019,0.179380769,63.71703842,63.15051498,63.57419771,65325200
25-11-2019,0.184048714,64.50629845,63.55724593,63.60324635,84020400
26-11-2019,0.181933414,64.68061731,63.55240983,64.62735404,105207600
27-11-2019,0.185543693,64.87914353,64.23272149,64.29808702,65235600
29-11-2019,0.184943657,64.88397851,64.37555779,64.54503383,46617600
02-12-2019,0.181801263,64.94452542,63.78242689,64.70726037,94487200
03-12-2019,0.177011247,62.8333681,62.04895204,62.53800037,114430400
04-12-2019,0.179340052,63.74850624,63.11177051,63.20619477,67181600
05-12-2019,0.183245333,64.37315488,63.60810394,63.86473406,74424400
06-12-2019,0.188462407,65.61028955,64.71450035,64.75808476,106075600
09-12-2019,0.184608049,65.56186399,64.13587301,65.36818344,128042400
10-12-2019,0.186194685,65.38516654,64.36590123,65.02927261,90420400
11-12-2019,0.188523458,65.6345098,65.00503683,65.08008861,78756800
12-12-2019,0.189225215,65.98798843,64.71936348,64.83072945,137310400
13-12-2019,0.192977819,66.65133493,65.59333994,65.72165497,133587600
16-12-2019,0.197767916,67.98051862,67.05810114,67.06294057,128186000
17-12-2019,0.198327219,68.21776251,67.49871205,67.68513719,114158400
18-12-2019,0.197645845,68.24924196,67.5761919,67.74082115,116028400
19-12-2019,0.19793056,68.07491702,67.53502891,67.66818338,98369200
20-12-2019,0.197340747,68.4308168,67.44061055,68.32913707,275978000
23-12-2019,0.201978231,68.81819366,67.87882716,67.91756476,98572000
24-12-2019,0.202252723,68.97312424,68.49617829,68.9247004,48478800
26-12-2019,0.207988622,70.20545617,68.92714487,68.95619623,93121200
27-12-2019,0.207876742,71.17145176,69.75513913,70.48145254,146266000
30-12-2019,0.209625926,70.86155067,69.05303017,70.07955065,144114400
31-12-2019,0.211792087,71.10122646,70.09407116,70.19333486,100805600
02-01-2020,0.218605923,72.77659819,71.46681225,71.72101896,135480400
03-01-2020,0.215636285,72.77174459,71.78396179,71.94132818,146322800
06-01-2020,0.218046524,72.62163859,70.87606782,71.12785848,118387200
07-01-2020,0.216612598,72.84921605,72.0212231,72.59258597,108872000
08-01-2020,0.221494192,73.7062866,71.94376632,71.94376632,132079200
09-01-2020,0.228043503,75.15647202,74.13237507,74.38415834,170108400
10-01-2020,0.228755451,75.69880942,74.62870439,75.19765138,140644800
13-01-2020,0.23549798,76.76404683,75.33078547,75.44942166,121532000
14-01-2020,0.23114534,76.88511196,75.57774941,76.67448227,161954400
15-01-2020,0.229782527,76.3839405,74.94341632,75.50026089,121923600
16-01-2020,0.233748764,76.43236486,75.55836411,75.92152072,108829200
17-01-2020,0.237298152,77.16837824,76.26290986,76.57037989,137816400
21-01-2020,0.235101449,77.23616451,76.50501168,76.79311659,110843200
22-01-2020,0.236250661,77.47100939,76.82217117,77.12964119,101832400
23-01-2020,0.237806563,77.36688614,76.42025699,76.96983874,104472000
24-01-2020,0.236870984,78.27963175,76.87300543,77.53395326,146537600
27-01-2020,0.227351938,75.48088553,73.81279006,75.06688907,161940000
28-01-2020,0.236240406,77.08604612,75.58257974,75.68184344,162234000
29-01-2020,0.243003446,79.37395905,77.8075427,78.55080526,216229200
30-01-2020,0.242525449,78.46364078,77.17080374,77.60417283,126743200
31-01-2020,0.227921496,78.12225762,74.63837863,77.69857486,199588400
03-02-2020,0.227057063,75.89731989,73.16880547,73.67237946,173788400
04-02-2020,0.237420127,77.38626427,75.93121426,76.33794794,136616400
05-02-2020,0.240064253,78.62582787,77.21920189,78.32561339,118826800
06-02-2020,0.243888101,78.73719514,77.53635935,78.09561994,105425600
07-02-2020,0.23939259,78.48239315,77.17192793,78.23243405,117684000
10-02-2020,0.240942082,78.03343964,76.16481554,76.24489636,109348800
11-02-2020,0.238964428,78.60373239,77.34422769,78.53093165,94323200
12-02-2020,0.246701697,79.40943008,78.0140257,78.0140257,113730400
13-02-2020,0.244326454,79.16674472,78.47025717,78.67410664,94747600
14-02-2020,0.244408081,79.10851777,78.34893118,78.80759072,80113600
18-02-2020,0.238342535,77.59659815,76.34922473,76.53123395,152531200
19-02-2020,0.243052191,78.76632224,77.65727746,77.65727746,93984000
20-02-2020,0.239667851,78.78575023,77.2228966,78.29554123,100566000
21-02-2020,0.232277245,77.76651129,75.35185157,77.32240444,129554000
24-02-2020,0.217118701,73.8180964,70.19004979,72.13876187,222195200
25-02-2020,0.20682281,73.41768759,69.43775292,73.03425797,230673600
26-02-2020,0.211481477,72.28923358,69.52754492,69.53482499,198054800
27-02-2020,0.191980387,69.40620832,66.24167143,68.21708245,320605600
28-02-2020,0.191817231,67.56426329,62.2156159,62.43160377,426510000
02-03-2020,0.21776104,73.15318555,67.39683723,68.50345329,341397200
03-03-2020,0.208086882,73.77442519,69.35766388,73.69434437,319475600
04-03-2020,0.221767241,73.62882752,71.13651617,71.93978329,219178400
05-03-2020,0.211756674,72.69448863,70.7190855,71.71649259,187572800
06-03-2020,0.207791238,70.57591516,68.24862422,68.43548441,226176800
09-03-2020,0.184487773,67.48660158,63.82457639,64.00658564,286744800
10-03-2020,0.204029724,69.51299644,65.37046276,67.25608396,285290000
11-03-2020,0.193927436,68.24620108,65.97472138,67.3167436,255598800
12-03-2020,0.166199766,65.52333474,60.18439635,62.11126834,418474000
13-03-2020,0.196516727,67.93072376,61.3856657,64.28325789,370732000
16-03-2020,0.16006301,62.87327958,58.24296696,58.71619033,322423600
17-03-2020,0.170919598,62.5165408,57.85467875,60.06548484,324056000
18-03-2020,0.164609525,60.66975875,57.54405159,58.18715326,300233600
19-03-2020,0.162682811,61.35895376,58.87634878,60.03635403,271857200
20-03-2020,0.146841418,61.113863,55.33082104,59.98540325,401693200
23-03-2020,0.141876884,55.4521479,51.59597899,55.35022317,336752800
24-03-2020,0.164823622,60.10917472,56.85970238,57.35962063,287531200
25-03-2020,0.163437191,62.67185273,59.28648137,60.8517602,303602000
26-03-2020,0.176607858,62.7762124,59.78640855,59.82523808,252087200
27-03-2020,0.165700249,62.09427365,59.95384683,61.33711637,204216800
30-03-2020,0.172907411,62.00934368,60.52414557,60.84933827,167976400
31-03-2020,0.172377336,63.70081709,61.1551164,62.02876241,197002000
01-04-2020,0.15873779,60.35912879,58.03183777,59.82038104,176218400
02-04-2020,0.162835745,59.49275888,57.49065701,58.32547341,165934000
03-04-2020,0.159247515,59.62624319,57.99301418,58.92247541,129880000
06-04-2020,0.180716004,63.85127172,60.5192936,60.88816303,201820400
07-04-2020,0.177617035,65.93589399,62.85386742,65.71747695,202887200
08-04-2020,0.184385956,64.88511337,63.39506746,63.76150789,168895200
09-04-2020,0.186343132,65.54033721,64.23715181,65.20786808,161834800
13-04-2020,0.191705158,66.4212584,64.51136807,65.11321478,131022800
14-04-2020,0.205772851,69.95223619,67.47690692,67.95013403,194994800
15-04-2020,0.203101997,69.48628092,68.10301494,68.53255414,131154400
16-04-2020,0.205405932,69.94011723,68.52044306,69.7411186,157125200
17-04-2020,0.2014404,69.63675501,67.18811692,69.08829799,215250000
20-04-2020,0.195456481,68.35781863,67.18568232,67.4526307,130015200
21-04-2020,0.186730497,67.2827683,64.41430008,67.04736932,180991600
22-04-2020,0.194610412,67.44049663,66.05723069,66.39940159,116862400
23-04-2020,0.19351972,68.37482988,66.70519664,66.94787572,124814400
24-04-2020,0.201613684,68.68059241,67.22208912,67.27062789,126161200
27-04-2020,0.201817606,69.05189813,67.93800219,68.3869525,117087600
28-04-2020,0.19713846,69.3649295,67.51329511,69.18292026,112004800
29-04-2020,0.206466051,70.2968401,68.89415556,69.09800506,137280800
30-04-2020,0.212653732,71.47624586,69.97649141,70.36720105,183064000
01-05-2020,0.207832067,72.56103877,69.36981062,69.46688076,240616800
04-05-2020,0.212001393,71.2724108,69.48386739,70.17550416,133568000
05-05-2020,0.216486617,73.04636403,71.45924162,71.60485048,147751200
06-05-2020,0.219616239,73.58997738,72.52947134,72.91533006,142333600
07-05-2020,0.222786626,74.05837091,73.28179496,73.58514379,115215200
08-05-2020,0.230156336,75.51930874,74.04469357,74.37319857,133838400
11-05-2020,0.235144618,77.14968998,74.76256398,74.97183684,145946400
12-05-2020,0.231464699,77.79206582,75.6555766,77.33945712,162301200
13-05-2020,0.22762143,76.88200539,73.78189998,75.95732422,200622400
14-05-2020,0.229553256,75.38303857,73.37308145,74.09822518,158929200
15-05-2020,0.22768277,74.92314941,73.05189506,73.08596567,166348400
18-05-2020,0.235093405,77.01583751,75.51202294,76.20553197,135178400
19-05-2020,0.233233079,77.50736817,76.16659207,76.65812804,101729600
20-05-2020,0.239458032,77.75070735,77.02069943,77.05963408,111504800
21-05-2020,0.237025263,78.08407725,76.86252602,77.5414354,102688800
22-05-2020,0.239110471,77.68013781,76.73599314,76.83819008,81803200
26-05-2020,0.236902679,78.89926384,77.01584554,78.71919757,125522000
27-05-2020,0.238313211,77.55361111,76.18606404,76.92824326,112945200
28-05-2020,0.238456273,78.70457982,76.80412665,77.08152577,133560800
29-05-2020,0.238139446,78.14734787,77.00853727,77.68501099,153532400
01-06-2020,0.242136001,78.43933306,77.1885829,77.31998637,80791200
02-06-2020,0.243659149,78.70460242,77.6071546,78.05002794,87642800
03-06-2020,0.24547855,79.37620272,78.42718642,79.00146322,104491200
04-06-2020,0.242616465,79.23505065,78.05730554,78.93575218,87560400
05-06-2020,0.251999948,80.72671993,78.65349983,78.68269896,137250400
08-06-2020,0.254003401,81.1769005,79.64875054,80.36172332,95654400
09-06-2020,0.264766585,84.09932692,80.78996422,80.82159908,147712400
10-06-2020,0.273812761,86.32830212,84.21614762,84.65658514,166651600
11-06-2020,0.256497317,85.42550756,81.63433719,84.9996697,201662400
12-06-2020,0.259461604,84.63223846,81.32773961,83.88276702,200146000
15-06-2020,0.263744476,84.11637396,80.92867135,81.09170972,138808800
16-06-2020,0.273035884,85.94626383,83.88277222,85.52285421,165428800
17-06-2020,0.272535037,86.48159855,85.43282116,86.42076456,114406400
18-06-2020,0.272678163,86.00710017,84.97778636,85.51069272,96820400
19-06-2020,0.27062369,86.76388951,83.98742467,86.29668852,264476000
22-06-2020,0.279976438,87.46956376,85.44744203,85.49367646,135445200
23-06-2020,0.287806102,90.6134507,88.15332016,88.57429406,212155600
24-06-2020,0.281192662,89.7398572,87.24079252,88.81761198,192623200
25-06-2020,0.286078583,88.81761353,87.00962937,87.77127202,137522400
26-06-2020,0.274620244,88.89549362,85.9024569,88.67405701,205256800
29-06-2020,0.282950755,88.12896982,85.47903819,85.95841023,130646000
30-06-2020,0.286037722,89.05609348,87.60094183,87.62040544,140223200
01-07-2020,0.285332376,89.39187779,88.55237334,88.84680772,110737200
02-07-2020,0.285332376,90.14865635,88.48667532,89.51111744,114041600
06-07-2020,0.295288269,91.44078223,90.00266588,90.03430075,118655600
07-07-2020,0.294102522,92.1318459,90.57693322,91.35073967,112424400
08-07-2020,0.302974902,92.83266788,91.5819175,91.6695223,117092000
09-07-2020,0.304651273,93.75004563,92.14889823,93.69651142,125642800
10-07-2020,0.305336044,93.42153434,92.1805196,92.79372347,90257200
13-07-2020,0.30352693,97.29059784,92.71831248,94.67230019,191649200
14-07-2020,0.309986892,94.66254407,91.37508059,92.31191801,170989200
15-07-2020,0.312716073,96.60194075,93.91794539,96.351305,153198000
16-07-2020,0.307799451,94.80854525,93.34852965,93.98850434,110577600
17-07-2020,0.307002159,94.55790717,93.2852576,94.40217604,92186800
20-07-2020,0.31530216,95.87437529,93.5018495,93.84738986,90318000
21-07-2020,0.309751755,96.60436044,94.16370146,96.5289269,103433200
22-07-2020,0.310866002,95.36336946,94.0274573,94.11505469,89001600
23-07-2020,0.292763522,94.48977758,89.55736079,94.4119083,197004400
24-07-2020,0.291823199,90.49178823,86.76874317,88.56213563,185438800
27-07-2020,0.300797717,92.37519896,90.9881884,91.21205333,121214000
28-07-2020,0.294429669,92.02966072,90.76187505,91.8520228,103625600
29-07-2020,0.301738071,92.69152949,91.21447855,91.25097746,90329200
30-07-2020,0.306439971,93.73056345,91.26800513,91.67680769,158130000
31-07-2020,0.347612575,103.5783879,98.13739182,100.1424852,374336800
03-08-2020,0.358559875,108.6616711,105.0165031,105.3158016,308151200
04-08-2020,0.361534353,107.8367644,105.498302,106.2234458,173071600
05-08-2020,0.363159542,107.4498521,105.9947005,106.4619088,121776800
06-08-2020,0.378859859,111.362687,106.8707078,107.4620123,202428800
07-08-2020,0.368271754,110.8443556,107.5460843,110.386058,198045600
10-08-2020,0.374886796,110.9418649,107.2608655,109.7961208,212403600
11-08-2020,0.361154903,109.681538,106.3905799,109.1818029,187902400
12-08-2020,0.376043892,110.4543082,107.5509508,107.7459676,165598000
13-08-2020,0.384235891,113.1528935,111.0905544,111.5805439,210082000
14-08-2020,0.383816061,112.1363533,110.2300335,111.9705883,165565200
17-08-2020,0.382587242,113.1967733,111.1246886,113.1723944,119561600
18-08-2020,0.386498966,113.1114583,111.1685737,111.504984,105633600
19-08-2020,0.387092848,114.2450033,112.7311647,113.0943865,145538000
20-08-2020,0.39760939,115.4443855,112.8506191,112.8676852,126907200
21-08-2020,0.422574484,121.7581347,116.2805176,116.2927034,338054800
24-08-2020,0.428667335,125.5781026,120.8513076,125.4927725,345937600
25-08-2020,0.424438175,122.062861,119.9883361,121.5923777,211495600
26-08-2020,0.431391132,123.8302229,121.9677808,123.0379552,163022400
27-08-2020,0.425195856,124.3104393,120.7488879,123.9764692,155552400
28-08-2020,0.42436658,123.2939349,121.4753776,122.8746421,187630000
31-08-2020,0.441702823,127.7379366,122.8624428,124.4031006,225702700
01-09-2020,0.462756161,131.4432858,127.2796109,129.4540765,151948100
02-09-2020,0.451369418,134.5441273,123.8375467,134.1638394,200119000
03-09-2020,0.408279539,125.6317436,117.4994221,123.7498098,257599600
04-09-2020,0.408607102,120.6197053,108.1286935,117.0800998,332607200
08-09-2020,0.375265636,116.0269926,109.8741222,111.1124942,231366600
09-09-2020,0.393697699,116.1732696,112.389889,114.3400865,176940500
10-09-2020,0.378009977,117.4994,109.69861,117.3628868,182274400
11-09-2020,0.371906903,112.3606239,107.2608546,111.7170552,180860300
14-09-2020,0.385669433,113.0431792,109.9911234,111.8633109,140150100
15-09-2020,0.386406859,115.8710019,110.7809846,115.3834525,184642000
16-09-2020,0.372439445,113.1114648,109.2500743,112.3606419,154679000
17-09-2020,0.365107616,109.4060917,106.0029987,106.9878507,178011000
18-09-2020,0.350771553,108.1189501,103.4482261,107.6509069,287104900
21-09-2020,0.364042627,107.4461363,100.5326821,101.9368267,195713800
22-09-2020,0.371128711,110.0496517,106.4417891,109.8741336,183055400
23-09-2020,0.351918522,109.3183401,104.111308,108.8405437,150718700
24-09-2020,0.356424032,107.5046338,102.3853656,102.5511306,167743300
25-09-2020,0.373053775,109.6400968,104.988872,105.7299491,149981400
28-09-2020,0.384031072,112.4483796,109.971628,112.1461014,137672400
29-09-2020,0.380467647,112.4386529,110.7419829,111.6975831,99382200
30-09-2020,0.387512774,114.3400987,110.7907393,110.9565044,142675200
01-10-2020,0.391526763,114.788617,112.9456811,114.7106073,116120400
02-10-2020,0.376084785,112.4971304,109.4255683,110.0788826,144712000
05-10-2020,0.390338997,113.7452806,110.7224757,111.0735119,106243800
06-10-2020,0.376658381,113.2284854,109.45485,112.8189382,161498200
07-10-2020,0.384522625,112.6726607,111.2880148,111.7658186,96849000
08-10-2020,0.384072061,113.5014929,111.7365592,113.3552266,83477200
09-10-2020,0.392264061,114.0865485,112.0583414,112.4093776,100506900
12-10-2020,0.422697324,122.0628447,116.3097614,117.0703371,240226800
13-10-2020,0.40918057,122.2676319,116.6705672,122.1506174,262330500
14-10-2020,0.409549283,119.9664119,116.6413287,117.9869624,150712000
15-10-2020,0.407583166,118.1819742,115.2079273,115.7637333,112559200
16-10-2020,0.400660879,118.5232576,115.8514817,118.2599768,115393800
19-10-2020,0.388209051,117.4213905,112.7799258,116.972846,120639300
20-10-2020,0.394475922,116.017251,112.7506643,113.3064703,124423700
21-10-2020,0.391854486,115.7539712,113.550246,113.7647689,89946000
22-10-2020,0.387266965,115.1006605,111.7365653,114.5253484,101988000
23-10-2020,0.384358827,113.6477706,111.4342921,113.4917512,82572600
26-10-2020,0.384399817,113.6477756,110.0691571,111.1710235,111850700
27-10-2020,0.390748475,114.3595624,111.6877943,112.614135,92276800
28-10-2020,0.368630116,112.5556478,108.3334685,112.185113,143937800
29-10-2020,0.3855057,114.0183045,109.4060838,109.5718563,146129200
30-10-2020,0.359045435,109.2012947,105.0376267,108.2944526,190272600
02-11-2020,0.358676851,107.9239352,104.6476026,106.3930304,122866900
03-11-2020,0.365517223,108.7137678,106.0225004,106.9293426,107624400
04-11-2020,0.383990147,112.7116633,109.5523454,111.2977731,138235500
05-11-2020,0.400701837,116.641314,113.9597925,115.0128935,126387100
06-11-2020,0.400148014,116.4323114,113.4335935,115.5727466,114457900
09-11-2020,0.390423668,119.1575179,113.3554435,117.7021162,154515300
10-11-2020,0.388987562,114.8596707,111.4800095,112.8670441,138023400
11-11-2020,0.403430441,116.8523249,113.7363982,114.468984,112295000
12-11-2020,0.40228155,117.7314207,115.8169307,116.8425538,103162300
13-11-2020,0.40248669,116.8913821,115.1331807,116.6667266,81581900
16-11-2020,0.406753922,118.1807412,115.4066865,116.1588046,91183000
17-11-2020,0.403020066,117.8681602,116.1978657,116.7741703,74271000
18-11-2020,0.39743992,117.0379058,115.2601646,115.8560017,76322100
19-11-2020,0.399942746,116.2955383,114.0977811,114.8596691,74113000
20-11-2020,0.394608762,116.0122756,114.5666439,115.8852968,73604300
23-11-2020,0.380289011,114.888973,111.1088282,114.459187,127959300
24-11-2020,0.385705103,113.1600762,109.9757681,111.2651262,113874200
25-11-2020,0.389233788,114.0391905,112.4958747,112.8670562,76499200
27-11-2020,0.39153157,114.7620239,113.521515,113.863387,46691300
30-11-2020,0.401625077,118.1612074,114.0977945,114.2540831,169410200
01-12-2020,0.416683312,120.6031531,117.2234917,118.2002727,127728200
02-12-2020,0.418160407,120.5054735,118.0830534,119.1868132,89004200
03-12-2020,0.417585946,120.9059416,119.3723959,120.6519765,78967600
04-12-2020,0.414754883,120.0073208,118.6984303,119.7533556,78260400
07-12-2020,0.420909491,121.6776157,119.411484,119.4700885,86712000
08-12-2020,0.423494392,122.0780942,120.2319713,121.4822572,82225500
09-12-2020,0.412826391,123.0255598,118.190497,121.6385326,115089200
10-12-2020,0.41881688,120.9938634,117.360237,117.7021088,81312200
11-12-2020,0.415411356,119.9096361,117.750951,119.5872966,86939800
14-12-2020,0.412826391,120.4859308,118.7179596,119.753345,79184500
15-12-2020,0.437855164,124.9302988,121.24783,121.4529531,157243700
16-12-2020,0.437567917,125.3893717,123.6214005,124.4516703,98208600
17-12-2020,0.441219666,126.5712878,125.0670366,125.9070689,94359800
18-12-2020,0.432849448,126.1024415,123.1916307,125.9656928,192541500
21-12-2020,0.439291206,125.3307688,120.5836125,122.1171584,121251600
22-12-2020,0.454267397,131.2891256,126.6396389,128.5541361,168904800
23-12-2020,0.450492743,129.355128,127.743445,129.0914078,88223700
24-12-2020,0.454636911,130.3612476,128.056043,128.2709361,54930100
28-12-2020,0.474003303,134.1511219,130.4100482,130.8789139,124486200
29-12-2020,0.466535526,135.5674131,131.2207412,134.8446048,121047300
30-12-2020,0.461817089,132.8324552,130.302581,132.4319714,96452100
31-12-2020,0.457590974,131.6114893,128.6616062,130.9668102,99116600
04-01-2021,0.444132964,130.5077362,123.8167865,130.4198295,143301900
05-01-2021,0.450697787,128.6811472,125.4479892,125.8973151,97664900
06-01-2021,0.432603318,128.0071804,123.4456065,124.7544972,155088000
07-01-2021,0.450328497,128.5736938,124.8912251,125.3796156,109578200
08-01-2021,0.454964891,129.5504519,127.2061689,129.3550838,105158200
11-01-2021,0.442368622,127.1476092,125.5163863,126.1903677,100384500
12-01-2021,0.441630042,126.6787447,123.9144524,125.5163728,91951100
13-01-2021,0.450205528,128.3978939,125.5066297,125.7703499,88636800
14-01-2021,0.442081471,127.958347,125.7703516,127.7629938,90221800
15-01-2021,0.43481893,127.1964378,124.0512014,125.7898706,111598500
19-01-2021,0.43764996,125.7214799,123.9925735,124.8130659,90757300
20-01-2021,0.454882784,129.4136965,125.5651776,125.6726241,104319500
21-01-2021,0.474741691,136.4269909,130.4881611,130.6932916,120150900
22-01-2021,0.483768606,136.6028457,131.8849911,133.11573,114459400
25-01-2021,0.49956542,141.7211758,133.3696939,139.7480886,157611700
26-01-2021,0.500550129,140.9495131,138.0875368,140.2657693,98390600
27-01-2021,0.4960368,140.9495309,137.1498526,140.0997211,140843800
28-01-2021,0.475644421,138.6931421,133.5259621,136.2804918,142621100
29-01-2021,0.454595697,133.5650386,127.1866599,132.6761643,177523800
01-02-2021,0.463540377,132.2366197,127.8899322,130.6444619,106239800
02-02-2021,0.467028041,133.1450256,131.4845008,132.5784908,83305400
03-02-2021,0.462719691,132.6175431,130.5076929,132.6077658,89880900
04-02-2021,0.476875259,134.2096831,131.4649313,133.1352331,84183100
05-02-2021,0.475128959,134.4298374,132.9037843,134.3613683,75693800
08-02-2021,0.475745372,133.9798537,131.9842343,133.0700821,71297200
09-02-2021,0.472046961,134.8798113,132.8939842,133.6472187,76774200
10-02-2021,0.469499396,134.0092067,131.4755518,133.5102943,73046600
11-02-2021,0.468430913,133.4222292,130.8592437,132.942886,64280000
12-02-2021,0.469417096,132.5809453,130.7809862,131.4266286,60145100
16-02-2021,0.460458956,133.0504697,129.9005345,132.5417955,80576300
17-02-2021,0.450802456,129.3429807,126.6528189,128.3940861,97918500
18-02-2021,0.446159203,127.1713099,124.6376697,126.3887143,96856700
19-02-2021,0.446816573,127.8658544,125.997411,127.40608,87668800
22-02-2021,0.430913968,126.897388,122.8670335,125.2245898,103916400
23-02-2021,0.430338738,123.9528945,115.8139311,121.067087,158273000
24-02-2021,0.428243018,122.827912,119.5703758,122.2214075,111039900
25-02-2021,0.410326769,123.7082997,117.9171174,121.9670327,148199500
26-02-2021,0.411436338,122.1333481,118.5627681,119.922522,164560400
01-03-2021,0.438269417,125.1463296,120.1181732,121.0572833,116307900
02-03-2021,0.427297857,125.9191411,122.2898691,125.6158889,102260900
03-03-2021,0.4147237,122.9746405,119.1888462,122.0942224,112966300
04-03-2021,0.406792893,120.9105408,116.0389066,119.1007971,178155000
05-03-2021,0.41209374,119.2866586,115.0117446,118.3475486,153766600
08-03-2021,0.391301176,118.3671072,113.681334,118.2986306,154376600
09-03-2021,0.410737722,119.404049,116.2052054,116.4399811,129525800
10-03-2021,0.406176576,119.5116658,116.8508499,119.0421144,111943300
11-03-2021,0.414312748,120.5290294,118.6214632,119.87361,103026500
12-03-2021,0.41049124,118.5334299,116.5671713,117.7801878,88105100
15-03-2021,0.422654412,121.3018377,117.7997345,118.7681981,92403800
16-03-2021,0.42914703,124.451791,122.0061891,122.9648609,115227900
17-03-2021,0.42581855,123.1213742,119.6779628,121.350761,111932600
18-03-2021,0.408436542,120.4996723,117.7019038,120.2061972,121229700
19-03-2021,0.406217598,118.7877582,117.0758372,117.2910513,185549500
22-03-2021,0.420188954,121.1746827,117.6432331,117.7117096,111912300
23-03-2021,0.416696099,121.5366176,119.4823137,120.6464225,95467100
24-03-2021,0.406628614,120.2257981,117.4573748,120.1475371,88530500
25-03-2021,0.408683216,119.0127817,116.4106575,116.9389084,98844700
26-03-2021,0.411230781,118.8366618,116.332361,117.7312452,94071200
29-03-2021,0.411970515,119.9127431,118.1029994,119.002979,80819200
30-03-2021,0.405847795,117.7801741,116.2736826,117.4964834,85671900
31-03-2021,0.415093567,120.8322963,118.5138704,119.0029908,118323800
01-04-2021,0.418586358,121.4779327,119.8247035,120.9692509,75089100
05-04-2021,0.430503016,123.4148442,120.3920767,121.1746722,88651200
06-04-2021,0.431776895,124.36374,122.915948,123.7474511,80171300
07-04-2021,0.438721391,125.1365354,122.4170277,123.0920161,83466700
08-04-2021,0.448830089,127.5528064,125.7235011,126.1441374,88844600
09-04-2021,0.459678457,130.1451564,126.6528443,126.9756656,106686700
12-04-2021,0.452446041,129.959245,127.7875501,129.6364239,91420000
13-04-2021,0.465554406,131.7298736,129.0592662,129.5581784,91266500
14-04-2021,0.455692382,132.0624803,128.7951602,132.0037882,87222800
15-04-2021,0.465842134,132.0624846,130.7320767,130.9081678,89347100
16-04-2021,0.464445094,131.7396811,130.379927,131.3777368,84922400
19-04-2021,0.467239173,132.5222411,130.4385841,130.6048832,94264200
20-04-2021,0.460130335,132.5809483,128.941892,132.0820509,94812300
21-04-2021,0.46173293,130.8396834,128.4429969,129.4799296,68847100
22-04-2021,0.455322676,131.2309956,128.5506254,130.1451477,84566500
23-04-2021,0.465102529,132.1798737,129.2842897,129.2842897,78657500
26-04-2021,0.466746274,132.121203,130.6538418,131.8962118,66905100
27-04-2021,0.465390064,132.4635535,131.1918379,132.0722484,66015800
28-04-2021,0.462061744,132.0820699,130.1842805,131.3875124,107760100
29-04-2021,0.461650823,134.0874726,129.56799,133.5005221,151101000
30-04-2021,0.453350181,130.6538142,128.2180046,128.9125471,109839500
03-05-2021,0.457788005,131.1527123,128.9614482,129.1668703,75135100
04-05-2021,0.438515995,128.6288802,123.9430987,128.335405,137564700
05-05-2021,0.439543264,127.6114862,125.1854536,126.3886854,84000900
06-05-2021,0.446282428,126.9267387,124.3637452,125.1072103,78128300
07-05-2021,0.449122688,128.6220025,126.8777771,128.2202538,78973300
10-05-2021,0.435292151,126.9365379,124.2614088,126.8091608,88071200
11-05-2021,0.431422988,123.7322669,120.3026087,121.0179407,126142800
12-05-2021,0.418498098,122.135017,119.7930512,120.9199403,112172300
13-05-2021,0.427553728,123.6146743,121.7626596,122.076228,105861300
14-05-2021,0.437761872,125.3197092,123.3207076,123.71267,81918000
17-05-2021,0.432904763,124.3790008,122.6543706,124.2712109,74244600
18-05-2021,0.427059739,124.4377799,122.2721969,124.0164217,63342900
19-05-2021,0.426401216,122.4093943,120.390798,120.6847717,92612000
20-05-2021,0.437185551,125.1531139,122.5857674,122.7131594,76857100
21-05-2021,0.429447192,125.4274979,122.6935695,125.2511151,79295400
24-05-2021,0.436321183,125.3686998,123.4088952,123.4774881,63092900
25-05-2021,0.435497932,125.741061,123.781249,125.2511024,72009500
26-05-2021,0.435292151,124.8297539,123.8792475,124.4083956,56575900
27-05-2021,0.428829754,125.0747313,122.5661838,123.8988515,94625600
28-05-2021,0.42607189,123.2717074,122.0468296,123.0463266,71311100
01-06-2021,0.424713596,122.8307599,121.4491015,122.5661896,67637100
02-06-2021,0.42792414,122.7229525,121.556874,121.7822473,59278900
03-06-2021,0.421667556,122.3407908,120.6553578,122.1742092,76229200
04-06-2021,0.431340624,123.6244792,121.3608998,121.5764795,75169300
07-06-2021,0.431381774,123.7812547,122.3212024,123.6342679,71057600
08-06-2021,0.434839344,125.8782506,123.6734631,124.0556243,74403800
09-06-2021,0.436444696,125.1825238,123.9772407,124.6533757,56877900
10-06-2021,0.432246207,125.6136839,123.4089036,124.4671925,71186400
11-06-2021,0.437350246,124.878753,123.56568,123.9870383,53522400
14-06-2021,0.450233891,127.9164425,124.5161877,125.2511145,96906500
15-06-2021,0.446776321,127.9752511,126.7895627,127.328512,62746300
16-06-2021,0.448875565,128.2594196,125.8782641,127.7498662,91815000
17-06-2021,0.455626107,129.8860623,127.0443364,127.1913308,96721700
18-06-2021,0.450151688,128.866967,127.6225016,128.083057,108953300
21-06-2021,0.457725383,129.7488726,126.6131881,127.6812781,79663300
22-06-2021,0.46464046,131.3852887,128.9747227,129.4744824,74783600
23-06-2021,0.463488075,131.6205044,130.5523994,131.0815551,60214200
24-06-2021,0.462294349,131.9340507,130.2584111,131.7478669,68711000
25-06-2021,0.461059344,131.1990911,130.1407951,130.7777404,70783700
28-06-2021,0.467933463,132.5317833,130.6699749,130.7287667,62111300
29-06-2021,0.474313592,133.7468759,131.6498854,132.0908385,64556100
30-06-2021,0.476906794,134.648381,133.1393231,133.4332968,63261400
01-07-2021,0.478182692,134.5699612,133.0315076,133.8546368,52485800
02-07-2021,0.4892553,137.1863148,134.9815347,135.1285141,78852600
06-07-2021,0.497734578,140.2729897,137.2549042,137.2549042,108181800
07-07-2021,0.508230898,141.9780354,139.7928576,140.6551614,104911600
08-07-2021,0.502756382,141.1647181,137.8428501,138.7345647,105575500
09-07-2021,0.510453495,142.7227288,139.7830226,139.8810188,99890800
12-07-2021,0.507942786,143.3793156,141.1059351,143.2715258,76299700
13-07-2021,0.5126352,144.4963962,140.7433687,141.1353237,100827100
14-07-2021,0.527082982,146.5639922,144.7119625,145.1235346,127050800
15-07-2021,0.524325182,146.9853511,144.1338317,146.2406307,106820300
16-07-2021,0.515722326,146.7501571,142.9481465,145.4762961,93251400
19-07-2021,0.499504529,141.1745184,138.8227441,140.8609425,121434600
20-07-2021,0.514734477,144.143642,140.0868468,140.576798,96350000
21-07-2021,0.511647222,143.1931073,141.723254,142.60516,74993500
22-07-2021,0.517409978,145.2215123,142.8795465,143.0069386,77338200
23-07-2021,0.524654316,145.7310372,143.9672105,144.5845536,71447400
26-07-2021,0.526424459,146.8187656,144.7315689,145.2901204,72434100
27-07-2021,0.517286464,146.2112152,142.6247696,146.1230127,104818600
28-07-2021,0.509918485,144.016234,139.6752593,141.8996416,118931200
29-07-2021,0.5126352,143.6046816,141.6742729,141.7820627,56699500
30-07-2021,0.513540686,143.389083,141.2136991,141.4782768,70440600
02-08-2021,0.512141147,143.9966049,142.3307744,143.4184663,62880000
03-08-2021,0.519714939,145.0647027,142.2621821,142.8795252,64786600
04-08-2021,0.518027287,144.8197267,143.3400799,144.3101884,56368300
05-08-2021,0.518480191,144.8687538,143.2323187,144.0260372,46397700
06-08-2021,0.515594583,144.369411,142.9169869,143.6235749,54126800
09-08-2021,0.515388514,143.9670601,142.80905,143.4763748,48908700
10-08-2021,0.513368524,144.958235,142.5931286,143.7118903,69023100
11-08-2021,0.514440339,143.9866794,142.8188461,143.329163,48493500
12-08-2021,0.526930882,146.2732338,143.1230288,143.4665143,72282600
13-08-2021,0.527796693,146.655989,145.5077875,146.1947437,59375000
16-08-2021,0.536123807,148.3733906,143.7413212,145.7727501,103296000
17-08-2021,0.532290024,148.8542458,146.3125002,147.4312618,92229700
18-08-2021,0.516501479,147.9121528,143.4272827,147.0092938,86326000
19-08-2021,0.517902877,145.2427794,141.8079839,142.3281089,86960300
20-08-2021,0.52404521,145.7334673,144.0455095,144.6932174,60549600
23-08-2021,0.530311377,147.3920283,145.1348733,145.5470471,60131800
24-08-2021,0.529940452,148.0495771,146.3714267,146.6658409,48606400
25-08-2021,0.524746165,147.5196077,145.0465501,147.0190992,58991300
26-08-2021,0.521365735,146.3419334,144.7619267,145.5862891,48597200
27-08-2021,0.525735553,145.9788494,144.09462,144.7325047,55802400
30-08-2021,0.544368429,150.6305275,145.8414358,146.2241696,90956700
31-08-2021,0.539050757,149.9534107,148.4715317,149.8160194,86453100
01-09-2021,0.541853938,152.0927943,149.5019768,149.9828537,80313700
02-09-2021,0.546553466,151.8376561,149.5608692,151.0034851,71115500
03-09-2021,0.549232941,151.7493149,150.237996,150.8955124,57808700
07-09-2021,0.559085479,154.330339,151.5138101,152.0830069,82278300
08-09-2021,0.552571966,154.1143897,151.1113989,154.0555099,74420200
09-09-2021,0.548284831,153.2017419,151.0819782,152.5932971,57305700
10-09-2021,0.527260721,152.5834478,145.9297585,152.1123943,140893200
13-09-2021,0.529651763,148.5991044,145.9788472,147.8238284,102404300
14-09-2021,0.523756841,148.2556507,144.1731458,147.5490627,109296300
15-09-2021,0.527508068,146.6559818,143.6431677,145.7923711,83281300
16-09-2021,0.52651868,146.1947361,144.4773381,145.674611,68034100
17-09-2021,0.51526468,146.0475351,143.0445294,146.0475351,129868800
20-09-2021,0.502402956,142.1416666,138.6381825,141.1210481,123478900
21-09-2021,0.504422882,141.906151,140.1200499,141.2486197,75834000
22-09-2021,0.514399126,143.7020705,141.0229333,141.7589612,76404300
23-09-2021,0.518438977,144.3399624,142.9267866,143.9179653,64838200
24-09-2021,0.51881003,144.7227097,142.8482884,142.9464314,53477900
27-09-2021,0.512420414,143.2408547,141.1407223,142.7599778,74150700
28-09-2021,0.498157164,142.0534007,139.0504089,140.5813447,108972300
29-09-2021,0.501949476,141.7589282,139.384014,139.8158193,74602000
30-09-2021,0.496466821,141.6902583,138.6480042,140.9836704,89056700
01-10-2021,0.501207499,140.2574516,136.5184329,139.2564496,94639600
04-10-2021,0.486738244,139.5607277,135.6941249,139.1190989,98322000
05-10-2021,0.494859097,139.5901239,136.7637725,136.8913555,80861100
06-10-2021,0.49852796,139.5017833,135.7922047,136.8717181,83221100
07-10-2021,0.50384576,141.5332266,140.0611711,140.3948335,61732700
08-10-2021,0.502238229,141.4940072,139.9041916,141.3468076,58773200
11-10-2021,0.501867048,142.112231,139.1681201,139.619557,64452200
12-10-2021,0.496508098,140.5813236,138.4124882,140.561692,73035900
13-10-2021,0.494034757,138.7657894,136.6067771,138.6087814,78762700
14-10-2021,0.505783451,141.1996075,138.873749,139.4625774,69907100
15-10-2021,0.510235569,142.2005882,140.8364837,141.0916497,67940300
18-10-2021,0.517284734,144.1044303,140.4929943,140.7775852,85589200
19-10-2021,0.526395167,146.3910435,143.8198574,144.2712795,76378900
20-10-2021,0.528456242,146.9602165,145.3605779,145.9297746,58418800
21-10-2021,0.529363138,146.8522591,145.1152293,146.0377199,61421000
22-10-2021,0.526106478,147.3821846,145.8708809,146.9013227,58883400
25-10-2021,0.525900344,146.5872762,144.8698782,145.9101283,50720600
26-10-2021,0.528703653,148.0299108,146.2340011,146.5480468,60893400
27-10-2021,0.526766027,146.940561,145.7236714,146.5774588,56094900
28-10-2021,0.54210122,150.3164896,146.930765,147.028908,100077900
29-10-2021,0.530682301,147.1466686,143.6824325,144.4773401,124953200
01-11-2021,0.527219379,146.911095,145.0464979,146.2143307,74588300
02-11-2021,0.531589325,148.7463317,145.8807167,145.89054,69122000
03-11-2021,0.537649167,149.1388698,147.0289293,147.5883027,54511500
04-11-2021,0.535464386,149.590306,147.8336593,148.75615,60394600
05-11-2021,0.537693585,149.5825672,147.47937,149.2779007,65463900
08-11-2021,0.534225856,148.9634315,147.5776759,148.8061794,55020900
09-11-2021,0.535753331,148.8258247,147.4793896,147.6169814,56787900
10-11-2021,0.523822348,147.548191,145.3074018,147.4400821,65187100
11-11-2021,0.52361583,146.8601961,145.1402915,146.3982927,41000000
12-11-2021,0.532368029,147.8135212,144.9437391,145.8773987,63804000
15-11-2021,0.532409179,149.2680532,146.860175,147.7840118,59222800
16-11-2021,0.53653774,148.8848075,146.7717724,147.3614601,59256200
17-11-2021,0.546817286,152.3344142,148.3933809,148.4032035,88807000
18-11-2021,0.564899512,155.941305,150.4179585,151.0666119,137827700
19-11-2021,0.575963403,158.2508588,153.8380703,154.9388043,117305600
22-11-2021,0.577903785,162.8503785,158.2312095,158.899508,117467900
23-11-2021,0.57951388,159.0174629,156.3245784,158.3491494,96041900
24-11-2021,0.581701994,159.3516326,156.8946258,157.9855374,69463600
26-11-2021,0.560523348,157.6906667,153.6710078,156.8258106,76959800
29-11-2021,0.574683724,158.4179582,156.0592229,156.6292502,88748200
30-11-2021,0.595573232,162.6734932,157.1697925,157.2385959,174048100
01-12-2021,0.593385246,167.371299,161.7005233,164.5997882,152052500
02-12-2021,0.589215728,161.3762376,155.0863048,156.010142,136739200
03-12-2021,0.581289215,162.1231635,156.9732712,161.1993265,118023100
06-12-2021,0.595655916,164.9929319,161.454836,161.4646586,107497000
07-12-2021,0.619847914,168.6292598,165.4449742,166.1722534,120405400
08-12-2021,0.6359488,172.9339936,167.7644411,169.1698569,116998900
09-12-2021,0.6338019,173.7103694,170.9290361,171.9020161,108923700
10-12-2021,0.653989556,176.5408344,171.6857872,172.1968487,115402700
13-12-2021,0.638673527,178.9978829,172.5113782,178.0052424,153237000
14-12-2021,0.632852444,174.6833616,169.2484638,172.2361774,139380400
15-12-2021,0.653370451,176.413095,169.3467408,172.0985915,131063300
16-12-2021,0.624306634,178.0248691,167.8135503,176.1968556,150185800
17-12-2021,0.619682931,170.4867857,166.7717927,167.0076558,195432700
20-12-2021,0.613944468,167.6464775,164.580138,165.3860284,107499100
21-12-2021,0.62732037,170.2214101,166.2115736,168.6096144,91185900
22-12-2021,0.638260556,172.8356788,169.1894743,170.0641681,92135300
23-12-2021,0.640902663,173.8086483,172.2558184,172.8258457,68356600
27-12-2021,0.657622717,177.3172847,174.0249042,174.0445495,74919600
28-12-2021,0.653329173,178.211637,175.4597861,177.0617595,79144300
29-12-2021,0.653700675,177.5236541,175.07647,176.2460076,62348900
30-12-2021,0.648829112,177.4646741,175.0273129,176.3835853,59773000
31-12-2021,0.646228411,176.1477376,174.2116149,175.027343,64062300
03-01-2022,0.664558176,179.7349465,174.6538588,174.7717904,104487900
04-01-2022,0.655021824,179.7939515,176.0396375,179.489285,99310400
05-01-2022,0.635288161,177.0715643,171.6366664,176.5211971,94537600
06-01-2022,0.623233344,172.2853205,168.6882589,169.7300274,96904000
07-01-2022,0.623935197,171.1452749,168.0887577,169.9167714,86709100
10-01-2022,0.624017753,169.533472,165.2779343,166.1722884,106765600
11-01-2022,0.6359488,172.1673936,167.8823876,169.3565919,76138300
12-01-2022,0.637806563,174.1330018,171.8136014,173.0912331,74805200
13-01-2022,0.624017753,173.5826145,168.8356754,172.7570638,84505800
14-01-2022,0.627650786,170.7914706,168.1477286,168.3934293,80440800
18-01-2022,0.614150793,169.5727368,166.4965752,168.5604514,90956700
19-01-2022,0.599412527,168.1378599,163.0862555,167.0764314,94815000
20-01-2022,0.592311764,166.7619347,161.3565205,164.1083707,91420500
21-01-2022,0.583642313,163.4695739,159.5088802,161.5924172,122848900
24-01-2022,0.580380909,159.5088898,152.0395829,157.2681008,162294600
25-01-2022,0.572784747,159.9609746,154.3196963,156.2459813,115798400
26-01-2022,0.572413118,161.5629255,155.10592,160.6882318,108275300
27-01-2022,0.5704728,161.0223856,155.5580051,159.6562905,121954600
28-01-2022,0.616338971,167.4204476,160.0002841,162.8602436,179935700
31-01-2022,0.634710142,171.990464,166.594872,167.2337028,115541600
01-02-2022,0.634008354,171.8332182,169.3467286,171.0174901,86213900
02-02-2022,0.639086242,172.8553453,170.3491954,171.7447734,84914300
03-02-2022,0.626948869,173.2091626,169.160005,171.4794201,89418100
04-02-2022,0.625750207,171.323976,167.9584947,168.9425497,82465400
07-02-2022,0.622732561,171.1763305,168.224166,170.1037143,77251200
08-02-2022,0.635836183,172.5540254,168.6965171,168.9917366,74829200
09-02-2022,0.641829877,173.8332727,172.1111768,173.2428488,71285000
10-02-2022,0.624634101,172.6819593,168.8146305,171.3633293,90865900
11-02-2022,0.610249005,170.3202098,165.3605651,169.5821687,98670700
14-02-2022,0.611241021,166.8759996,163.9041502,164.7012321,86185500
15-02-2022,0.627403503,170.1922729,167.535328,168.2438486,62527400
16-02-2022,0.626411423,170.5760416,167.3385082,169.1098097,61177400
17-02-2022,0.611241021,169.1688489,165.7836983,168.3028759,69589300
18-02-2022,0.60470988,167.8206824,163.5400534,167.1121768,82772700
22-02-2022,0.592391756,164.0320952,159.564478,162.3493549,91162800
23-02-2022,0.574823838,163.5006942,157.2027497,162.9004202,90009200
24-02-2022,0.585860616,160.2533272,149.5763268,150.1470804,141147500
25-02-2022,0.594582562,162.4871195,158.3048867,161.2275306,91974200
28-02-2022,0.595698668,162.7823563,159.8400268,160.4599862,95056600
01-03-2022,0.58776222,163.9435744,159.3873948,162.0738609,83474400
02-03-2022,0.601651149,164.691437,160.3517511,161.7687926,79724800
03-03-2022,0.600286862,166.2166811,162.9102568,165.7836946,76678400
04-03-2022,0.587638002,162.9102618,159.515276,161.8671662,83737200
07-03-2022,0.571640952,162.3887282,156.5040696,160.7551936,96418800
08-03-2022,0.563952492,160.2828724,153.3157617,156.2876118,131148300
09-03-2022,0.586728542,160.8043716,156.868153,158.9051383,91454900
10-03-2022,0.568416788,157.8325637,153.492878,157.6455909,105342000
11-03-2022,0.552750281,156.7402547,152.0364737,156.3958295,96970100
14-03-2022,0.535761087,151.66253,147.7066403,149.0351053,108732100
15-03-2022,0.554238401,153.0894226,147.9821754,148.4938731,92964300
16-03-2022,0.572839614,157.4487541,151.9970976,154.5457957,102300200
17-03-2022,0.577097328,158.4328293,155.1165693,156.0809388,75615400
18-03-2022,0.59098632,161.8573381,157.212598,157.9506391,123511700
21-03-2022,0.596773368,163.6975153,160.410761,160.9027883,95811400
22-03-2022,0.610993033,166.7185519,162.2804704,162.8708943,81532000
23-03-2022,0.616738739,169.8872021,164.9767638,165.3113538,98062700
24-03-2022,0.632694639,171.3633096,167.4959813,168.3324189,90131400
25-03-2022,0.635381549,172.4851504,169.9954926,171.1074795,80546200
28-03-2022,0.639019069,172.9279505,169.2574302,169.4247177,90371900
29-03-2022,0.652907998,176.155636,173.5282116,173.8726368,100589400
30-03-2022,0.647989132,176.7461129,173.8825093,175.703017,92633200
31-03-2022,0.634926723,175.1912712,171.6191476,175.0042984,103049300
01-04-2022,0.633686719,172.0915276,169.1984038,171.255075,78751300
04-04-2022,0.65075847,175.6439323,171.6585077,171.7864396,76468400
05-04-2022,0.636786921,175.4569895,171.6388517,174.6697426,73401800
06-04-2022,0.623435247,170.8614353,167.4172436,169.6116815,89058800
07-04-2022,0.624716721,170.5957508,167.1417236,168.4308331,77594700
08-04-2022,0.616242763,169.040939,166.5020757,169.040939,76575500
11-04-2022,0.59830283,166.3347848,162.8610725,166.0198951,72246700
12-04-2022,0.606198065,167.161386,163.9828932,165.3408936,79265200
13-04-2022,0.617524173,168.3127321,164.1108288,164.720938,70618900
14-04-2022,0.596401418,168.5390935,162.4084205,167.8994488,75329400
18-04-2022,0.595492151,163.943576,160.9618905,161.3063007,69023900
19-04-2022,0.605123236,165.1440749,161.2964172,162.3887186,67723800
20-04-2022,0.60442055,166.187176,163.4515049,166.0690792,67929800
21-04-2022,0.601072425,168.7949397,163.2645559,166.2167206,87227800
22-04-2022,0.581933766,165.193307,158.9248815,163.8058009,84882400
25-04-2022,0.586439404,160.5682367,155.9333466,158.5509212,96046400
26-04-2022,0.561306988,159.7514778,154.2210937,159.6629164,95623200
27-04-2022,0.560356314,157.2421449,152.9024737,153.4240217,88063200
28-04-2022,0.589580884,161.8967043,156.3958264,156.7107311,130216800
29-04-2022,0.564820417,163.5499019,154.7426146,159.2594224,131747600
02-05-2022,0.566101892,155.7069834,150.8260801,154.211231,123055300
03-05-2022,0.572384916,158.1474404,153.8274407,155.6282477,88966500
04-05-2022,0.599418936,163.8254443,156.7205672,157.1240333,108256500
05-05-2022,0.561182962,161.4637333,152.479307,161.2374048,130525300
06-05-2022,0.564246244,157.1282273,151.9444842,153.7479522,116124600
09-05-2022,0.542637064,153.5705819,149.2935123,152.6836222,131577900
10-05-2022,0.552779253,154.4673764,150.7126063,153.2650644,115366700
11-05-2022,0.519620333,153.1960829,143.6958566,151.2743595,142689800
12-05-2022,0.503309853,144.0801873,136.7874888,140.6999274,182602000
13-05-2022,0.522145464,145.9526407,141.0349875,142.4935241,113990900
16-05-2022,0.515646116,145.3810505,142.0894671,143.4396132,86643800
17-05-2022,0.530963106,147.5984403,144.5532317,146.701631,78336300
18-05-2022,0.496106857,145.2233814,137.8715396,144.7207814,109742900
19-05-2022,0.48174195,139.6059944,134.6193647,137.8518049,136095600
20-05-2022,0.482735505,138.6599238,130.687228,137.0732673,137426100
23-05-2022,0.505586676,141.1828075,135.6541486,135.7921181,117726300
24-05-2022,0.49420256,139.9115316,135.338809,138.7683472,104132700
25-05-2022,0.494864866,139.7341188,136.3341449,136.4228363,92482700
26-05-2022,0.508360308,142.2471599,135.1515583,135.3979334,90601500
27-05-2022,0.53261903,147.5097503,143.1538387,143.2819586,90978500
31-05-2022,0.529307118,148.4755183,144.7108989,146.908576,103718400
01-06-2022,0.528769095,149.5398837,145.5387382,147.726551,74286600
02-06-2022,0.539118378,149.0767058,144.7306438,145.6865807,72348100
03-06-2022,0.514983811,145.8245224,142.3654207,144.7700295,88570300
06-06-2022,0.51812997,146.4158314,142.799031,144.8981521,71598400
07-06-2022,0.528769095,146.8396063,142.0106589,142.257034,67808200
08-06-2022,0.525664214,147.6969614,145.3219165,146.4256723,53950200
09-06-2022,0.503641037,145.8048137,140.4634022,144.947433,69473000
10-06-2022,0.480831272,138.7190498,135.0727009,138.2460138,91437900
13-06-2022,0.459097938,133.2396889,129.5342118,130.9434705,122207100
14-06-2022,0.462740906,131.9487037,129.5736432,131.1997285,84784300
15-06-2022,0.473793709,135.3486334,130.2437481,132.3428539,91533000
16-06-2022,0.451563693,130.4704434,127.1690099,130.1649406,108123900
17-06-2022,0.457773263,131.1504465,127.9278547,128.1840945,134520300
21-06-2022,0.475615257,135.0727115,131.3869488,131.4854899,81000500
22-06-2022,0.473462652,135.7625572,131.9683889,132.8356192,73409200
23-06-2022,0.485550543,136.5805196,133.6634463,134.8361944,72433800
24-06-2022,0.4995842,139.8524085,137.7434376,137.8715425,89116800
27-06-2022,0.4995842,141.4095014,138.9260354,140.6309474,70207900
28-06-2022,0.482114605,141.340494,135.3289493,140.0692048,67083400
29-06-2022,0.48952476,138.6303968,134.6883935,135.4669476,66242400
30-06-2022,0.479134007,136.3637103,131.8304167,135.2599545,98964500
01-07-2022,0.488282769,137.0240093,133.6930272,134.0675072,71051600
05-07-2022,0.499170267,139.5567701,134.9446185,135.7724506,73353800
06-07-2022,0.504800088,142.0303302,139.0344152,139.3005045,74064300
07-07-2022,0.51899937,144.4251245,141.2025331,141.2123827,66253700
08-07-2022,0.52185575,145.410635,142.8976052,143.1538299,64547800
11-07-2022,0.512872612,144.513826,141.6952933,143.5578891,63141600
12-07-2022,0.516970919,146.2975756,142.9468793,143.6465764,77588800
13-07-2022,0.515439278,144.3265807,140.0593607,140.9167566,71185600
14-07-2022,0.527775541,146.7903274,141.1729764,141.9909438,78140700
15-07-2022,0.534812913,148.6726125,146.0511775,147.6082701,76259900
18-07-2022,0.521979968,149.3723446,144.5729461,148.5543772,81420900
19-07-2022,0.538249107,149.0372994,144.7799433,145.7752938,82982400
20-07-2022,0.546693965,151.491178,148.1897444,148.92887,64823400
21-07-2022,0.55625666,153.3143455,149.7369733,152.2598526,65086600
22-07-2022,0.551040645,154.0140535,151.1856712,153.1369584,66675400
25-07-2022,0.546321374,152.7920232,150.0720467,151.7769587,53623900
26-07-2022,0.540732832,150.870303,148.6135129,150.0523356,55138700
27-07-2022,0.562217794,155.0488261,149.9537893,150.3676978,78620700
28-07-2022,0.564536087,155.3543311,152.171168,154.703897,81378700
29-07-2022,0.585896894,161.2574881,157.1873653,158.902142,101786900
01-08-2022,0.581757181,161.2180562,158.5572073,158.6754625,67829400
02-08-2022,0.575547547,160.0551518,157.3154614,157.7786479,59907000
03-08-2022,0.6008827,164.1745744,158.4192533,158.5079448,82507500
04-08-2022,0.599557961,164.7658797,162.0458879,163.6029809,55474100
05-08-2022,0.598604403,163.6723135,160.8597294,161.0669786,56697000
08-08-2022,0.596614602,165.6065839,162.0439841,164.1854893,60276900
09-08-2022,0.596821825,163.6427082,161.1064463,161.8663401,63135500
10-08-2022,0.614730222,167.1164849,164.7085208,165.4782779,70170500
11-08-2022,0.611621111,168.7448227,165.9815851,167.8270262,57149200
12-08-2022,0.626586213,169.9093288,167.1756959,167.5901944,68039400
15-08-2022,0.631104735,171.1133102,169.100103,169.267869,54091700
16-08-2022,0.630441468,171.4291205,169.4060349,170.511324,56377100
17-08-2022,0.636742631,173.8370848,170.3041047,170.5014756,79542000
18-08-2022,0.6350844,172.6034945,170.8468678,171.4686005,62290100
19-08-2022,0.624181839,171.4587196,169.0606188,170.7580356,70346300
22-08-2022,0.607807326,167.6296603,164.945374,167.4618943,69026800
23-08-2022,0.606397788,166.4947574,164.4617936,164.8861553,54147100
24-08-2022,0.607641574,165.9026627,164.0670845,165.1230423,53841500
25-08-2022,0.618005086,167.9059806,166.1394907,166.5638374,51218200
26-08-2022,0.591432814,168.8040525,161.4123936,168.3303593,78961000
29-08-2022,0.58214695,160.7610324,157.7214876,159.0340108,73314000
30-08-2022,0.571907656,160.4254927,155.6490483,160.0011461,77906200
31-08-2022,0.564901948,158.4715221,155.0766883,158.2050631,87991100
01-09-2022,0.567969653,156.3398922,152.6391309,154.5832654,74229900
02-09-2022,0.559056829,158.2544044,152.9351781,157.6524134,76957800
06-09-2022,0.553750694,155.0273451,151.6719944,154.4154908,73714800
07-09-2022,0.559678625,154.6128393,151.5930211,152.7871398,87449600
08-09-2022,0.553460466,154.3069155,150.6752279,152.6094988,84923800
09-09-2022,0.565523744,155.7477685,152.7180716,153.4286189,68028800
12-09-2022,0.590645201,162.103207,157.2083419,157.4945275,104956000
13-09-2022,0.550890211,158.4320143,151.3561622,157.8004185,122656600
14-09-2022,0.556984152,155.0372265,151.5930461,152.757545,87965400
15-09-2022,0.544796463,153.2016343,149.3923173,152.6193698,90481100
16-09-2022,0.537873567,149.3627114,146.4218293,149.2245503,162278800
19-09-2022,0.553543407,152.5305658,147.1422661,147.3495003,81474200
20-09-2022,0.563575286,156.004327,151.0699797,151.3857701,107689800
21-09-2022,0.550392825,156.6556731,151.5831643,155.2740467,101696800
22-09-2022,0.546330476,152.4417776,148.9285235,150.3792233,86652500
23-09-2022,0.536754321,149.481141,146.6093469,149.2048187,96029900
26-09-2022,0.538163795,151.7509377,147.6751615,147.6949032,93339400
27-09-2022,0.54226787,152.6884904,147.9811174,150.7344924,84442700
28-09-2022,0.534308476,148.6620267,142.9381804,145.7014181,146691400
29-09-2022,0.503798009,144.7935092,138.8328083,144.1816548,128138200
30-09-2022,0.486055556,141.2210619,136.1880203,139.4249518,124925300
03-10-2022,0.503673662,141.191444,135.8820806,136.395257,114311700
04-10-2022,0.518804581,144.3000754,142.3658044,143.1256982,87830100
05-10-2022,0.520048111,145.4448346,141.1322046,142.1782989,79471000
06-10-2022,0.516027039,145.6027269,143.3131973,143.8954468,68402200
07-10-2022,0.493890476,141.2210674,137.6189838,140.6684077,85925600
10-10-2022,0.49525848,140.0269479,136.7505482,138.5762482,74899000
11-10-2022,0.489288886,139.4940118,136.4051054,138.063039,77033700
12-10-2022,0.486635883,138.5170252,136.345915,137.3031798,70433700
13-10-2022,0.505912156,141.7045852,132.6056474,133.2175167,113224000
14-10-2022,0.4868017,142.6223975,136.3755112,142.4151482,88598000
17-10-2022,0.503507845,141.0236566,138.4281998,139.2176985,85250900
18-10-2022,0.509062801,144.7737809,138.7637481,143.579677,99136600
19-10-2022,0.509518717,143.0467383,139.6420413,139.829549,61758300
20-10-2022,0.507570387,143.9744067,140.7769437,141.1420957,64522000
21-10-2022,0.523654672,145.9086593,140.7769259,140.9940384,86548600
24-10-2022,0.532691715,148.2573974,144.0829437,145.2573208,75981900
25-10-2022,0.544672117,150.4877459,147.3988393,148.1192499,74732300
26-10-2022,0.532277269,149.9943121,146.0961653,148.9778377,88194300
27-10-2022,0.513415378,147.092892,142.2374962,146.1257642,109180200
28-10-2022,0.558766729,155.4319688,145.8790779,146.2540781,164762400
31-10-2022,0.548817598,152.2147756,149.9252308,151.1489546,97943200
01-11-2022,0.537666345,153.4088828,147.1718745,153.0437459,80379300
02-11-2022,0.514368936,150.1719505,143.096097,146.9942291,93604600
03-11-2022,0.488874441,140.9249846,136.9281597,140.1946957,97918500
04-11-2022,0.487753271,141.0302375,132.8355243,140.4569019,140814800
07-11-2022,0.489995482,137.550686,134.1106873,135.5341392,83374600
08-11-2022,0.492403959,139.8045089,135.9098048,138.7962428,89908500
09-11-2022,0.473178578,136.9575975,133.0431046,136.9081692,74917800
10-11-2022,0.523006532,145.1819763,137.8966867,139.6166938,118854000
11-11-2022,0.534757598,148.2858811,142.710704,144.1440508,93979700
14-11-2022,0.528861266,148.5527731,145.7355232,147.2578319,73374100
15-11-2022,0.536169251,151.824707,146.8525206,150.470458,89868300
16-11-2022,0.530979002,148.1474994,145.5971502,147.416014,64218300
17-11-2022,0.538993006,149.7389916,144.470249,144.7470297,80389400
18-11-2022,0.54135982,150.9449761,148.2463569,150.5594591,74829600
21-11-2022,0.52774016,148.6417448,146.0222081,148.4341668,58724100
22-11-2022,0.536750603,148.6911502,145.241257,146.4274769,51804100
23-11-2022,0.540446386,150.0849847,147.6235974,147.7323338,58301400
25-11-2022,0.528155311,147.1688538,145.4290727,146.6053979,35195900
28-11-2022,0.512002891,144.9546234,141.7320969,143.4718633,69246000
29-11-2022,0.499338263,143.145649,138.7369177,142.6316213,83763800
30-11-2022,0.527823165,147.0107005,138.9346035,139.7748251,111380900
01-12-2022,0.528985868,147.4160057,144.9249646,146.5065814,71250400
02-12-2022,0.52690973,146.2989942,143.9759974,144.2824472,65447400
05-12-2022,0.522010029,149.1854352,144.0946315,146.071645,68826400
06-12-2022,0.506563308,145.6070301,140.2888596,145.3796778,64727200
07-12-2022,0.498383295,141.7222088,138.3909459,140.5557781,69721100
08-12-2022,0.505483673,141.8704786,139.4782943,140.7238072,62128300
09-12-2022,0.503449069,143.8969191,139.2805798,140.7040317,76097000
12-12-2022,0.513123997,142.8392101,139.4387448,141.0598951,70462700
13-12-2022,0.517193333,148.2463609,142.5822213,147.7817615,93886200
14-12-2022,0.507809081,144.9744016,139.5376146,143.6794602,82291200
15-12-2022,0.479946874,140.1702404,134.466553,139.4881684,98931900
16-12-2022,0.471683728,136.06793,132.1929858,135.118972,160156900
19-12-2022,0.46279776,133.6460931,129.8106977,133.5571311,79592600
20-12-2022,0.462507148,131.7185125,128.3971295,129.8798895,77432800
21-12-2022,0.475586862,135.2375732,131.2242392,131.4515914,85928000
22-12-2022,0.462216408,133.0134425,128.8024099,132.8058645,77852100
23-12-2022,0.460680087,130.8980437,128.1499965,129.4152838,63814900
27-12-2022,0.453081362,129.8996665,127.2405811,129.8700125,69007800
28-12-2022,0.436513599,129.5240312,124.4233406,128.1796615,85438400
29-12-2022,0.451337434,128.9803574,126.2619713,126.5189777,75703700
30-12-2022,0.452666211,128.4564656,125.9654316,126.9341717,77034200
03-01-2023,0.43248583,129.3955184,122.7428727,128.7826491,112117500
04-01-2023,0.437842377,127.1812834,123.6424274,125.4316222,89113600
05-01-2023,0.432278159,126.3014849,123.3260855,125.6688413,80962700
06-01-2023,0.451378968,128.7925468,123.454616,124.5617463,87754700
09-01-2023,0.453579645,131.8766859,128.397138,128.9704737,70790800
10-01-2023,0.455987865,129.7513547,126.647445,128.7628483,63896200
11-01-2023,0.467448383,131.9755088,128.9605758,129.7414893,69458900
12-01-2023,0.467116301,132.7169154,129.9293342,132.3412931,71379600
13-01-2023,0.472721893,133.3693311,130.1468045,130.5125471,57809700
17-01-2023,0.477621594,135.7120689,132.5883994,133.280351,63646600
18-01-2023,0.47459036,137.0168915,133.4780363,135.2474715,69672800
19-01-2023,0.474839565,134.6840338,132.2325415,132.5389762,58280400
20-01-2023,0.485635599,136.4337007,132.6773722,133.7251869,80223600
23-01-2023,0.499089122,141.6727808,136.3150614,136.5325341,81760300
24-01-2023,0.504985454,141.514625,138.6874952,138.6973748,66435100
25-01-2023,0.502203489,140.7930248,137.2146348,139.2707309,65799300
26-01-2023,0.510923256,142.5920802,140.2690836,141.5244912,54105100
27-01-2023,0.519103333,145.5378388,141.435542,141.5146244,70555800
30-01-2023,0.506937053,143.8771557,141.2081906,143.2939404,64015300
31-01-2023,0.512293375,142.6810201,140.6446992,141.0598701,65874500
01-02-2023,0.517027131,144.9249601,139.6957666,142.3153031,77663600
02-02-2023,0.539408285,149.4424416,146.4670417,147.1886474,118339000
03-02-2023,0.554688741,155.5711776,146.1309363,146.3286346,154357300
06-02-2023,0.543186817,151.3403789,149.0470362,150.8164716,69858300
07-02-2023,0.555311563,153.445879,148.9086372,148.9086372,83322600
08-02-2023,0.54397584,152.8033819,149.4325701,152.1114301,64120100
09-02-2023,0.539615764,152.5562258,148.6911614,152.0125442,56007100
10-02-2023,0.541154585,149.8290264,147.7301972,147.9678065,57450700
13-02-2023,0.552965196,152.7198599,149.4132102,149.4429094,62199000
14-02-2023,0.550261877,152.2347264,149.3537769,150.6011913,61707600
15-02-2023,0.559119899,153.9474604,151.3536238,151.5813232,65573800
16-02-2023,0.55238301,154.7692064,151.8189629,151.977354,68167900
17-02-2023,0.547559007,151.4724665,149.3439379,150.8289621,59144100
21-02-2023,0.530633139,149.7894263,146.9282806,148.7004026,58867200
22-02-2023,0.532421422,148.4529041,145.690766,147.383685,51011300
23-02-2023,0.534459166,148.8390191,145.7699782,148.591515,48394200
24-02-2023,0.523272339,145.720458,144.2651332,145.6412549,55469600
27-02-2023,0.528304206,147.6806656,145.9778371,146.2352509,44998500
28-02-2023,0.526183265,147.591557,145.3640214,145.5818261,50547000
01-03-2023,0.517450102,145.7600359,143.5621994,145.3640355,55479000
02-03-2023,0.519945364,145.2452476,142.4632901,142.9385086,52238100
03-03-2023,0.541237653,149.6012978,145.8590391,146.5619419,70732300
06-03-2023,0.552881935,154.7394841,151.9278426,152.2545346,87558000
07-03-2023,0.543608185,152.4921573,149.6211171,152.1654502,56182000
08-03-2023,0.548889707,151.9377657,150.3141399,151.2843515,47204800
09-03-2023,0.539407901,152.9970622,148.7300957,152.0268507,53833600
10-03-2023,0.530716272,149.4330058,146.1362509,148.7102984,68572400
13-03-2023,0.538908848,151.6110378,146.2253488,146.3342512,84457100
14-03-2023,0.547725208,151.8684388,148.6013983,149.7696099,73695900
15-03-2023,0.549388695,151.7199384,148.4231836,149.680508,77167900
16-03-2023,0.561282503,154.8979014,150.1260173,150.6408298,76161100
17-03-2023,0.557747601,155.175102,152.7396562,154.5216879,98944600
20-03-2023,0.567728395,156.2443265,152.6109546,153.5217826,73641400
21-03-2023,0.575546714,157.8085401,154.9770938,155.7493202,73938300
22-03-2023,0.569516613,160.5211775,156.2344069,157.709536,75701800
23-03-2023,0.574091155,159.9370833,156.1057112,157.2442387,67622100
24-03-2023,0.579580669,158.739168,156.2740377,157.2739485,59196500
27-03-2023,0.571388092,159.1648829,156.2938273,158.3431678,52390300
28-03-2023,0.568768035,156.9076289,154.4226793,156.3928164,45992200
29-03-2023,0.581743144,159.4420745,157.7590504,157.7788398,51305700
30-03-2023,0.588355366,160.8478855,159.6598694,159.9172681,49501700
31-03-2023,0.598918346,163.352624,160.2934785,160.8181857,68749800
03-04-2023,0.604199996,164.6297682,162.5804427,162.6299465,56976200
04-04-2023,0.601954131,165.174229,163.4615059,164.9366349,46278300
05-04-2023,0.594177475,163.402129,160.1845773,163.0952265,51511700
06-04-2023,0.597920369,163.3130448,160.3825908,160.8082904,45390100
10-04-2023,0.586983004,160.4122772,158.4817492,159.8083669,47716900
11-04-2023,0.581867875,160.7389873,158.9074517,160.7290925,47644200
12-04-2023,0.578956821,160.4419792,158.184744,159.6103694,50133100
13-04-2023,0.60166307,164.1446374,159.808363,160.016273,68445600
14-04-2023,0.600207704,164.6594806,162.1844404,162.9467419,49386500
17-04-2023,0.600290644,163.7387132,162.3922911,163.4417054,41516200
18-04-2023,0.605447499,165.7385703,163.9961326,164.4416518,49923000
19-04-2023,0.610271631,166.4810977,163.8872454,164.1446593,47720200
20-04-2023,0.606196014,166.1939656,163.9070313,164.4317385,52456400
21-04-2023,0.599417398,164.7881367,162.8477141,163.4021205,58337300
24-04-2023,0.600706628,163.9466451,162.2537112,163.3526295,41949600
25-04-2023,0.594219137,164.6495521,162.0953091,163.5407391,48714100
26-04-2023,0.594177475,163.6298284,161.1745932,161.4319919,45498800
27-04-2023,0.613515344,166.8770883,163.5407393,163.5407393,64902300
28-04-2023,0.618796802,168.1542169,166.2038842,166.8077946,55209200
01-05-2023,0.61842248,168.7482038,166.9562775,167.589887,52472900
02-05-2023,0.614055803,168.6491953,165.8672382,168.3917815,48425700
03-05-2023,0.609523052,169.2135399,165.491085,167.8077189,65136000
04-05-2023,0.602619513,165.3722397,162.6695006,163.2437116,81235400
05-05-2023,0.63497409,172.5597893,169.0551243,169.272929,113316400
08-05-2023,0.634682902,172.1142728,170.3916397,170.7579408,55962800
09-05-2023,0.62748843,171.8073558,169.8867376,171.3222576,45326900
10-05-2023,0.634932428,172.2924724,170.1837336,171.2925617,53724500
11-05-2023,0.635722541,172.8468685,170.4510319,172.1142664,49514700
12-05-2023,0.631808062,172.5605285,169.5268918,172.1243165,45497800
15-05-2023,0.62972577,171.7178403,169.9928246,171.668268,37266700
16-05-2023,0.62972577,171.6484361,170.3199835,170.5083491,42110300
17-05-2023,0.632307883,171.4402849,168.9519128,170.2308085,57951600
18-05-2023,0.642135744,173.7303578,171.0932694,171.5096494,65496700
19-05-2023,0.642593903,174.8704618,173.432956,174.8704618,55772400
22-05-2023,0.638595907,173.2049112,171.9557562,172.4811891,43570900
23-05-2023,0.627601945,171.8863903,169.8044751,171.638544,50747300
24-05-2023,0.628767918,170.9346396,169.0510138,169.6160955,45143500
25-05-2023,0.633557117,172.401905,170.2109519,170.9247505,56058300
26-05-2023,0.643718214,174.2557989,171.6187104,171.826908,54835000
30-05-2023,0.651505702,177.4480571,175.0489065,175.4355462,55964400
31-05-2023,0.651297582,177.8049837,175.2372839,175.8023809,99625300
01-06-2023,0.66312441,178.5683146,175.4057931,176.169164,68901800
02-06-2023,0.666705781,180.2140106,177.7157156,179.4704717,61945900
05-06-2023,0.661000584,183.3567085,176.5062324,181.0567024,121946500
06-06-2023,0.659459713,178.568302,175.9014733,178.4196003,64848400
07-06-2023,0.65367119,179.6489271,175.7924391,176.9027857,61944600
08-06-2023,0.665123376,179.2821132,175.9312412,176.367438,50214900
09-06-2023,0.666747444,180.6601256,179.0739183,179.9364186,48870700
12-06-2023,0.678532801,182.3058554,179.4110119,179.7084306,54274900
13-06-2023,0.676533899,182.5636103,180.8683498,181.2252491,54929100
14-06-2023,0.67919908,182.8015379,180.4519595,181.7903206,57462900
15-06-2023,0.687777836,184.913209,182.1968076,182.3752648,65433200
16-06-2023,0.683238547,185.3791401,182.6825709,185.1213703,101235600
20-06-2023,0.683613253,184.4967896,182.8213462,182.8213462,49799100
21-06-2023,0.679240807,183.8127652,181.0170512,183.3071489,49515700
22-06-2023,0.691900628,185.4386409,182.0877534,182.1571577,51245300
23-06-2023,0.690567941,185.9442318,183.4161962,183.9515527,53079300
26-06-2023,0.684696157,186.4300155,183.6343016,185.2205242,48088700
27-06-2023,0.696314929,186.7671004,184.0705308,184.2886368,50730800
28-06-2023,0.701270522,188.2640691,185.9838949,186.3110388,51216800
29-06-2023,0.702686405,188.4326172,187.3123469,187.4511403,46347300
30-06-2023,0.720926564,192.8046123,189.6123504,189.9791732,85069600
03-07-2023,0.714638412,192.2098132,190.1080658,192.1106686,31458200
05-07-2023,0.709932538,191.3175425,188.9778724,189.9197006,46920300
06-07-2023,0.71193144,190.3658209,187.5701069,188.2045929,45094300
07-07-2023,0.70722563,191.0102158,188.6011567,189.7610757,46778000
10-07-2023,0.69860534,188.3533157,185.4287167,187.6295934,59922200
11-07-2023,0.696398254,187.6692693,184.9925316,187.5304759,46638100
12-07-2023,0.703436074,190.0485747,186.8464041,188.0459719,60750200
13-07-2023,0.706642547,189.5429538,188.1450969,188.8588956,41342300
14-07-2023,0.707267356,189.5330562,187.9964209,188.591243,41573900
17-07-2023,0.721009889,192.6460066,190.1576197,190.2468408,50520200
18-07-2023,0.719927049,192.6559029,190.7623534,191.6843496,48353800
19-07-2023,0.725632375,196.5223068,190.9903749,191.4365104,80507300
20-07-2023,0.717428453,194.7774708,190.84167,193.4093543,59581200
21-07-2023,0.712472796,193.2903953,189.5826088,192.4278949,71917800
24-07-2023,0.715845984,193.2309193,190.5938306,191.7438413,45377800
25-07-2023,0.719469018,192.7649696,191.2580596,191.6645313,37283200
26-07-2023,0.723133715,193.9546263,191.6546202,192.001596,47471900
27-07-2023,0.717803288,195.5011905,190.8912546,194.331363,47460200
28-07-2023,0.728672518,194.936132,192.4675767,192.9930098,48291400
31-07-2023,0.731254375,194.7973238,193.5779089,194.3710202,38824100
01-08-2023,0.7277562,195.0352277,193.597722,194.5494586,35175100
02-08-2023,0.715138042,193.4985828,190.1972829,193.3597894,50389300
03-08-2023,0.70926613,190.7127763,189.0472564,189.9196802,61235200
04-08-2023,0.671036886,185.7657924,180.3528217,183.921815,115799700
07-08-2023,0.65796044,181.5523617,175.8221569,180.5609766,97576100
08-08-2023,0.661916774,178.7170357,176.0502068,178.1420304,67823000
09-08-2023,0.655212062,179.3713391,175.4851105,179.3118584,60378500
10-08-2023,0.654295807,179.1928783,176.0700209,177.9338148,54686900
11-08-2023,0.654546103,177.320377,175.265446,176.0298478,51988100
14-08-2023,0.661510084,178.3825886,176.0199005,176.6751021,43675600
15-08-2023,0.653128296,178.1741185,175.7618062,177.5784931,43622600
16-08-2023,0.649458728,177.2409615,175.2158109,175.8412319,46964900
17-08-2023,0.638741661,176.2184497,172.2177728,175.8511466,66062900
18-08-2023,0.640784918,173.8259754,170.7088227,171.0463453,61114200
21-08-2023,0.646414482,174.8484911,172.4758812,173.796206,46311900
22-08-2023,0.652210824,176.3871982,174.9676102,175.7717142,42084200
23-08-2023,0.668432339,180.2290643,177.0324915,177.2211115,52722800
24-08-2023,0.648666308,179.7823229,174.7293462,179.3554437,54945800
25-08-2023,0.657965504,177.8465044,174.5407467,176.0893937,51449600
28-08-2023,0.664554202,179.2760356,177.2508852,178.7796736,43820700
29-08-2023,0.680942431,183.5546733,178.1939694,178.3925112,53003900
30-08-2023,0.69566275,186.4832402,183.3958674,183.5944092,60813900
31-08-2023,0.69658003,187.7439567,186.11589,186.4732712,60794500
01-09-2023,0.70321052,188.538157,186.9100902,188.111293,45732600
05-09-2023,0.704211253,188.5977094,186.2449583,186.9100816,45280000
06-09-2023,0.675896655,187.4759302,180.1496224,187.0291923,81755800
07-09-2023,0.653586968,176.9133614,172.2773267,173.9053936,112488800
08-09-2023,0.65617235,178.9285844,176.4963984,177.0523366,65551300
11-09-2023,0.661093075,178.9881557,176.0496858,178.7598334,58953100
12-09-2023,0.648332751,178.8193927,173.5480303,178.1840499,90370200
13-09-2023,0.639617343,176.0099727,172.7141217,175.2257122,84267900
14-09-2023,0.645997537,174.8187155,172.3170466,172.7339889,60895800
15-09-2023,0.642953355,175.2157976,172.5553044,175.1959389,109205100
18-09-2023,0.655296669,178.0748391,174.8881883,175.1959304,67257600
19-09-2023,0.659883709,178.3230128,175.8412029,176.2283646,51826900
20-09-2023,0.644955013,178.3925098,174.1237933,177.9557088,58436200
21-09-2023,0.638449768,175.0172716,172.5950222,173.2800043,63047900
22-09-2023,0.642035882,175.7915654,172.7836129,173.399097,56725400
25-09-2023,0.647415279,175.6823671,172.8828782,172.9325174,46172700
26-09-2023,0.630234758,173.925248,170.4110115,173.5480231,64588900
27-09-2023,0.6238545,171.7809516,167.8199926,171.3640094,66921800
28-09-2023,0.624938814,170.778321,166.4004042,168.1078908,56294400
29-09-2023,0.627107251,171.8107618,169.1006142,170.7683985,51814200
02-10-2023,0.637699074,173.0317953,169.6863051,169.9742036,52164500
03-10-2023,0.632069638,172.3667068,169.5771542,171.0066644,49594600
04-10-2023,0.637323791,172.9424551,169.7260239,169.8451459,53020300
05-10-2023,0.642536409,174.1734392,171.4235892,172.5255136,48527900
06-10-2023,0.653295074,176.6949552,171.9199399,172.5354391,57224100
09-10-2023,0.659550152,177.7472441,174.520891,175.5235368,42390800
10-10-2023,0.657048096,178.4123658,176.65524,176.8041577,43698000
11-10-2023,0.662927891,178.54143,176.3078008,176.9034262,47551100
12-10-2023,0.666722703,181.0133174,177.7373247,178.7598445,56743100
13-10-2023,0.658966301,180.6062673,176.8438501,180.0999836,51427100
16-10-2023,0.65842424,177.7770285,175.2257204,175.4639796,52517000
17-10-2023,0.651877204,177.1218172,173.5281611,175.3646915,57549400
18-10-2023,0.646414482,176.2879379,173.8359083,174.3024899,54764400
19-10-2023,0.644829961,176.5460532,173.9153404,174.7591468,59302900
20-10-2023,0.634071168,174.1436437,171.3838721,174.0344434,64189300
23-10-2023,0.634571631,172.7439179,168.6936017,169.6664822,55980100
24-10-2023,0.636406447,172.4063924,170.2025437,171.7909083,43816600
25-10-2023,0.626648579,171.8008333,169.4083646,170.6294261,57157000
26-10-2023,0.609092646,170.1330568,164.4645956,169.1303958,70625300
27-10-2023,0.614638821,167.7306693,165.6161621,165.6955818,58499100
30-10-2023,0.623270712,169.9245663,167.6412981,167.7902158,51131000
31-10-2023,0.625272435,169.6565402,166.6783679,168.11783,44846000
01-11-2023,0.638616546,172.9623112,168.8822146,169.7558167,56934900
02-11-2023,0.653628759,176.486494,174.1833819,174.2429429,77334800
03-11-2023,0.649792284,175.533492,172.088738,172.9722619,79763700
06-11-2023,0.660551014,178.1244909,174.927933,175.0966943,63841300
07-11-2023,0.671351405,181.1125849,177.6678311,177.8762947,70530000
08-11-2023,0.67581333,182.115234,180.2687665,181.0232466,49340300
09-11-2023,0.673811736,182.7803592,180.4871689,181.6288107,53763500
10-11-2023,0.691474132,185.4565354,182.43467,182.8720464,66133400
13-11-2023,0.684793327,184.9197528,183.1106226,184.7110146,43627500
14-11-2023,0.695816838,186.987365,185.1881695,186.5798082,60108400
15-11-2023,0.698196855,188.3690679,186.6593316,186.7289211,53790500
16-11-2023,0.705295311,189.8203598,187.5241331,188.4386559,54412900
17-11-2023,0.705211729,189.2438068,187.4446114,189.1145778,50922700
20-11-2023,0.712560672,190.7646802,188.7467965,188.7567314,46505100
21-11-2023,0.709178511,190.3770113,188.6076356,190.2676672,38134500
22-11-2023,0.711976115,191.7785856,189.6911276,190.3471923,39617700
24-11-2023,0.706380843,189.7606851,188.1205385,189.7308653,24048300
27-11-2023,0.705629251,189.5320711,187.7726303,188.7865471,40552600
28-11-2023,0.708176304,189.9396215,188.26964,188.6473769,38415400
29-11-2023,0.703875517,190.9435905,187.8422157,189.76069,43014200
30-11-2023,0.706297325,189.1841626,187.0668698,188.7070164,48794400
01-12-2023,0.711683837,190.4167609,188.1006646,189.1941059,45679300
04-12-2023,0.704126069,188.9157791,186.3312899,188.8461896,43389500
05-12-2023,0.72078645,193.2398026,189.0449866,189.0748215,66628400
06-12-2023,0.716193385,193.5976511,190.9634726,193.2895036,41089700
07-12-2023,0.724335646,193.8362195,192.4346309,192.4744006,47477700
08-12-2023,0.73034844,194.8203199,192.5141586,193.0409943,53377300
11-12-2023,0.719784307,192.335247,190.2775936,191.95751,60943700
12-12-2023,0.726172961,193.5579085,190.5758126,191.9276967,52696900
13-12-2023,0.739743396,196.8183191,193.6871246,193.9256825,70404200
14-12-2023,0.740369743,198.4286561,194.989314,196.8382141,66831600
15-12-2023,0.738114969,197.2159328,195.8242942,196.3511299,128256700
18-12-2023,0.731100032,195.4565058,193.2298688,194.9197201,55751900
19-12-2023,0.7354844,195.7745986,194.7209271,194.98932,40714100
20-12-2023,0.726673937,196.5002181,193.6672363,195.7248745,52242800
21-12-2023,0.726047589,195.9038132,192.3451771,194.9296661,46482500
22-12-2023,0.721538105,194.2437908,191.8183503,194.0151525,37122800
26-12-2023,0.719241541,192.7328561,191.6791847,192.4545284,28919300
27-12-2023,0.719659063,192.3451859,189.9495652,191.3412191,48087700
28-12-2023,0.721454588,193.4982695,192.0171564,192.9813686,34049900
29-12-2023,0.71707022,193.239801,190.5857376,192.7427851,42628800
02-01-2024,0.688300796,187.3153817,182.7925333,186.033072,82488700
03-01-2024,0.682496827,184.7706676,182.3352771,183.1205709,58414500
04-01-2024,0.672726075,181.9973065,179.8005044,181.062914,71983600
05-01-2024,0.669677855,181.6692661,179.0947271,180.9038724,62303300
08-01-2024,0.687966791,184.4923455,180.4168082,181.0032834,59144500
09-01-2024,0.686213057,184.0450148,181.6394592,182.8223597,42841800
10-01-2024,0.690597297,185.2875346,182.8223398,183.2497814,46792900
11-01-2024,0.688091907,185.933654,182.524117,185.426688,49128400
12-01-2024,0.689469974,185.6255383,184.0847857,184.9495887,40444700
16-01-2024,0.679907919,183.1603026,179.8501748,181.0728448,65603000
17-01-2024,0.675941074,181.8382296,179.2239363,180.1881484,47317400
18-01-2024,0.700785698,188.0112081,184.7209646,184.9794075,78005800
19-01-2024,0.713019985,190.8044352,187.6931254,188.2000762,68741000
22-01-2024,0.722748946,194.1642575,191.1125722,191.152342,60133900
23-01-2024,0.728135329,194.5817422,192.6732028,193.8561031,42355600
24-01-2024,0.725296062,195.2080031,193.1801694,194.2537257,53631300
25-01-2024,0.723918123,195.0986579,191.9575132,194.0549213,54822100
26-01-2024,0.716610907,193.5976528,190.7944906,193.1105868,44594000
29-01-2024,0.71372985,191.0529507,188.4485916,190.8640821,47145600
30-01-2024,0.698322035,190.6553248,186.3511648,189.8004568,55859400
31-01-2024,0.68312311,185.9833826,183.2497948,185.923728,55467800
01-02-2024,0.693394965,185.8342712,182.7229615,182.8919452,64885400
02-02-2024,0.689177695,186.2120078,178.1802278,178.7865879,102518000
05-02-2024,0.696818853,188.1205434,184.7308909,187.0271022,69668800
06-02-2024,0.703583239,188.1801772,185.6553428,185.744802,43490800
07-02-2024,0.704042552,189.9097985,187.4843582,189.5022418,53439000
08-02-2024,0.699491213,188.4087956,186.2318786,188.2596969,40962000
09-02-2024,0.702710441,189.0971051,187.1164521,187.7633912,45155200
12-02-2024,0.695602949,187.7833075,185.9121381,187.5344824,41781900
13-02-2024,0.686781397,185.3348945,182.6475712,184.8969599,56529500
14-02-2024,0.683060424,184.6580806,181.582606,184.449076,54630500
15-02-2024,0.681848046,183.6229853,180.4977425,182.6874005,65434500
16-02-2024,0.675367605,183.9812726,180.8162097,182.5579853,49701400
20-02-2024,0.672232022,181.5726478,179.1540751,180.9356562,53665600
21-02-2024,0.67540946,182.0304786,179.8109631,181.0849463,41529700
22-02-2024,0.683980139,184.0907482,181.6024975,182.6176929,52292200
23-02-2024,0.676245722,184.170393,181.3736011,184.1405352,45119700
26-02-2024,0.670559626,181.9010804,179.8009961,181.3835352,40867400
27-02-2024,0.676705548,183.0556441,178.7161338,180.2489049,54318900
28-02-2024,0.671646696,182.2594057,179.2834672,181.6522719,48953900
29-02-2024,0.668845503,181.7119972,178.6862755,180.4181037,136682600
01-03-2024,0.664288331,179.681565,176.5463751,178.7061749,73488000
04-03-2024,0.64522364,176.0686281,172.9732434,175.3221528,81510100
05-03-2024,0.624402906,171.2314705,168.8228454,169.9574872,95132400
06-03-2024,0.620222043,170.4352424,167.8872607,170.2560805,68587700
07-03-2024,0.619720299,169.9276148,167.6981518,168.3550385,71765100
08-03-2024,0.626953228,172.8836709,168.1460466,168.2057622,76114600
11-03-2024,0.635398599,173.5604854,171.2414336,172.1272504,60139500
12-03-2024,0.637405321,173.2121063,170.2062952,172.3362372,59825400
13-03-2024,0.628625624,172.3760763,169.9574884,171.9580519,52488700
14-03-2024,0.636443815,173.490807,171.2414336,172.0973926,72913500
15-03-2024,0.634855064,171.8087463,169.4896946,170.3655638,121664700
18-03-2024,0.639454026,176.8748336,172.7045227,174.7448915,75604200
19-03-2024,0.649320921,175.7800105,172.2168331,173.5206742,55215200
20-03-2024,0.660149259,177.830307,174.26713,174.8941741,53423100
21-03-2024,0.629628921,176.6558538,170.0370978,176.2179193,106181300
22-03-2024,0.63343354,172.2367224,169.260769,170.9527765,71106600
25-03-2024,0.627454972,171.1319471,168.6536437,169.7683905,54288300
26-03-2024,0.622688783,170.6143849,168.7830359,169.2010602,57388400
27-03-2024,0.637739839,172.7841443,169.3105406,169.6091338,60273300
28-03-2024,0.630088811,171.4205627,169.708645,170.9428229,65672700
01-04-2024,0.624026662,170.4451942,168.6835083,170.3854786,46240500
02-04-2024,0.619051327,168.5441437,167.4393598,168.2853711,49329500
03-04-2024,0.622437911,169.8778651,167.7877434,167.996748,47691700
04-04-2024,0.61896781,171.1120333,168.0266113,169.4896889,53704400
05-04-2024,0.622145248,169.5892261,168.1559912,168.7929828,42055200
08-04-2024,0.61742085,168.4048157,167.4493359,168.2356165,37425500
09-04-2024,0.622521492,169.2806811,167.5588158,167.9071618,42451200
10-04-2024,0.614619592,168.2953112,166.324621,168.0066808,49709300
11-04-2024,0.644972703,174.6354009,167.3697056,167.5488523,91070300
12-04-2024,0.651285853,177.521767,173.3912768,173.4410296,101593300
15-04-2024,0.635147727,175.7999037,171.6893085,174.5358681,73531800
16-04-2024,0.621309114,172.9433897,167.4792003,170.9428414,73711200
17-04-2024,0.6155395,169.8480044,167.2104645,168.8128987,50901200
18-04-2024,0.6115258,167.8474457,165.7672717,167.2403119,43122900
19-04-2024,0.602996911,165.6179781,163.3088891,165.4288837,67772100
22-04-2024,0.606508739,166.4739172,163.9956293,164.7421045,48116400
23-04-2024,0.610940474,166.26492,164.1449255,164.5729125,49537800
24-04-2024,0.619803944,168.5043451,165.4288708,165.7573065,48251800
25-04-2024,0.623441336,169.8082008,167.3597551,168.7332745,50558300
26-04-2024,0.620974596,170.5347547,168.3849024,169.0816248,44838400
29-04-2024,0.638534182,175.2027094,172.2864868,172.5552069,68169400
30-04-2024,0.625280831,174.1675981,169.2010443,172.515396,65934800
01-05-2024,0.620974596,171.8983265,168.3152393,168.7830316,50383100
02-05-2024,0.636569251,172.6049939,170.0868851,171.6992669,94214900
03-05-2024,0.679841131,186.1211554,181.8015558,185.7727943,163224100
06-05-2024,0.672859139,183.3343215,179.5720874,181.4930249,78569700
07-05-2024,0.67574385,184.0310212,180.4678594,182.5878387,77305800
08-05-2024,0.677165438,182.209646,180.5972491,181.9906787,45057100
09-05-2024,0.684816466,183.7921796,181.2541605,181.7020426,48983000
10-05-2024,0.679499499,184.4700038,181.5199274,184.2806378,50759500
13-05-2024,0.693022054,186.473297,184.0015931,184.8188537,72044800
14-05-2024,0.697836507,187.669266,185.665989,186.8819037,52393600
15-05-2024,0.707423687,190.0113807,186.7423688,187.2805685,70400000
16-05-2024,0.707926072,190.4598908,189.0247118,189.8319962,52845200
17-05-2024,0.708051701,190.1708626,188.5463176,188.875214,41282900
20-05-2024,0.712949864,191.2771273,188.3768713,188.6958067,44361300
21-05-2024,0.718434314,192.0844205,190.2804858,190.4499145,42309400
22-05-2024,0.712363833,192.1741413,189.6326797,191.6259805,34648500
23-05-2024,0.695533981,190.360223,186.0048657,190.3402858,51005900
24-05-2024,0.708512168,189.9416242,187.4101238,188.1875251,36294600
28-05-2024,0.708554086,192.3535193,188.466589,190.8685048,52280100
29-05-2024,0.709809986,191.6060293,188.8752018,188.974873,53068000
30-05-2024,0.713996554,191.5362645,189.9914685,190.1210227,49947900
31-05-2024,0.718015638,191.9249687,189.2738751,190.798749,75158300
03-06-2024,0.725467647,194.3368569,191.8751294,192.2538462,50080500
04-06-2024,0.726807385,194.6657572,192.3834193,193.988027,47471400
05-06-2024,0.73317085,196.2404463,194.2172474,194.7454708,54156800
06-06-2024,0.727351497,195.8417748,193.5195778,195.0344905,41181800
07-06-2024,0.737441127,196.2803196,193.4896956,193.9979818,53103900
10-06-2024,0.721657837,196.6391049,191.5063468,196.2404356,97262100
11-06-2024,0.780394898,206.4660767,192.9813996,193.0013216,172373300
12-06-2024,0.805179337,219.462415,206.2069616,206.6753885,198134300
13-06-2024,0.810077499,216.0239562,210.8912132,214.0206945,97862700
14-06-2024,0.802751054,214.4492443,210.5922125,213.1336738,70122700
17-06-2024,0.820250775,218.2165907,212.0074633,212.6552799,93728300
18-06-2024,0.810286773,217.8976633,212.2865171,216.8611384,79943300
20-06-2024,0.790986849,213.5223688,208.1504242,213.2133945,86172500
21-06-2024,0.781818473,211.1802539,206.4162661,209.6852783,246421400
24-06-2024,0.784539611,211.9875178,205.8979838,207.0242035,80727000
25-06-2024,0.788433131,210.6719498,207.9112241,208.4494086,56713900
26-06-2024,0.805932851,214.140298,209.9344322,210.7915522,66213200
27-06-2024,0.809491468,215.0173643,211.6387201,213.9708784,49772700
28-06-2024,0.794922224,215.3462463,209.5955695,215.0472481,82542700
01-07-2024,0.820585677,216.7814051,211.2101334,211.3795622,60402900
02-07-2024,0.835322277,219.6417977,214.3794853,215.425956,58046200
03-07-2024,0.840681034,220.8078766,218.2963136,219.2630656,37369800
05-07-2024,0.860734537,225.691465,220.9075404,220.9075404,60412400
08-07-2024,0.866930647,227.0867831,222.5021855,226.3293191,59085900
09-07-2024,0.870530991,228.6315756,225.6117264,227.1664985,48076100
10-07-2024,0.888533097,232.2992561,228.4820836,228.5319191,62627700
11-07-2024,0.865884021,231.6115707,225.0137504,230.6149204,64710600
12-07-2024,0.878317967,231.860733,227.913991,228.1531926,53046500
15-07-2024,0.894478013,236.43536,232.3092281,235.6878722,62631300
16-07-2024,0.896236427,235.4785873,231.5517824,234.212837,43234300
17-07-2024,0.871368343,230.6846866,225.8808249,228.6814098,57345900
18-07-2024,0.851691597,229.6681026,221.5254713,229.5086349,66034600
19-07-2024,0.852235902,226.0403044,222.5320909,224.0669409,49151500
22-07-2024,0.850770664,227.0170201,222.3427274,226.2495951,48201800
23-07-2024,0.855166441,226.1798297,221.9340895,223.618431,39960300
24-07-2024,0.828079477,224.0469779,216.4026723,223.2496546,61777600
25-07-2024,0.823683764,220.1102356,213.901093,218.1966536,51391200
26-07-2024,0.825651387,218.7547779,215.2864239,217.9674157,41601300
29-07-2024,0.826823641,218.5654191,215.0273074,216.233261,36311800
30-07-2024,0.82916815,219.591982,215.3960772,218.4558012,41643800
31-07-2024,0.842899914,223.0702824,219.8909654,220.6982497,50036300
01-08-2024,0.827325963,223.7280501,216.2930476,223.618418,62501000
02-08-2024,0.833605846,224.844329,216.9807582,218.415922,105568600
05-08-2024,0.789270483,212.7848576,195.3434759,198.4231219,119548600
06-08-2024,0.780729864,209.2866075,200.3964884,204.6123151,69660500
07-08-2024,0.791573008,212.9243685,205.6986538,206.20694,63516400
08-08-2024,0.806183979,213.4824924,208.1304851,212.3961472,47161100
09-08-2024,0.818450634,216.0538706,211.2599846,211.389554,42201600
12-08-2024,0.824905308,219.0279394,215.1265376,215.5955066,38028100
13-08-2024,0.840581108,221.4027217,218.5290414,218.5290414,44155300
14-08-2024,0.842467201,222.540214,219.217525,220.0856248,41960600
15-08-2024,0.855041326,224.8551228,222.2707991,224.1067699,46414000
16-08-2024,0.860615895,226.3318747,223.1588502,223.4282616,44340200
19-08-2024,0.859945193,225.4937074,222.5501737,225.2242961,40687800
20-08-2024,0.862543907,226.6711275,224.9549035,225.274208,30299000
21-08-2024,0.862082863,227.4793489,224.5557905,226.0225636,34765500
22-08-2024,0.854244931,227.8385415,223.4082897,227.2897463,43695300
23-08-2024,0.863927037,227.718817,223.8373602,225.1644413,38677300
26-08-2024,0.865352087,226.7808778,223.3983231,226.2620155,30602200
27-08-2024,0.868914807,228.3474424,224.396132,225.503695,35934600
28-08-2024,0.862460069,229.3552091,225.1843808,227.419467,38052200
29-08-2024,0.876291631,232.4085012,228.3773798,229.5947019,51906300
30-08-2024,0.872980425,229.8940202,226.9804346,229.6844899,52990800
03-09-2024,0.846868171,228.4971066,220.6842998,228.0480979,50190600
04-09-2024,0.838820708,221.2929558,217.0023959,221.1732242,43840200
05-09-2024,0.845233527,224.9848304,221.0335353,221.1432944,36615400
06-09-2024,0.838694951,224.7453592,219.2873706,223.4581836,48423000
09-09-2024,0.839072221,220.784091,216.2341073,220.3350823,67180000
10-09-2024,0.835719032,220.9936039,216.2540354,218.4392284,51591000
11-09-2024,0.846407127,222.6000842,217.4115066,220.973674,44587100
12-09-2024,0.846868171,223.0590781,219.3372736,222.0113809,37498200
13-09-2024,0.845736425,223.5479791,221.4226672,223.0889978,36766600
16-09-2024,0.819833765,216.7429729,213.4502169,216.0644583,59357400
17-09-2024,0.821803632,216.4236628,214.0289395,215.2761944,45519300
18-09-2024,0.83815007,222.220921,217.0622613,217.072249,59894900
19-09-2024,0.872435544,229.3153118,224.1367068,224.4959169,66781300
20-09-2024,0.869627299,232.5781131,227.1201244,229.4649697,318679900
23-09-2024,0.862376231,228.9461077,225.314102,226.8407408,54146000
24-09-2024,0.866148481,228.8463446,225.2342839,228.1478696,43556100
25-09-2024,0.861957107,226.7908569,223.5280488,224.4360389,42308700
26-09-2024,0.8667772,227.9981988,224.9149883,226.8008371,36636700
27-09-2024,0.867908818,229.0159609,226.800835,227.9582912,34026000
30-09-2024,0.889745924,232.4883118,229.1456626,229.5348055,54541900
01-10-2024,0.861286469,229.1456589,223.2486495,229.0159548,63285000
02-10-2024,0.863675524,226.8706678,222.53023,225.3939223,32880600
03-10-2024,0.859023106,226.3119038,222.8295779,224.6455731,34044200
04-10-2024,0.863759426,227.4993026,223.6378062,227.3995161,37245100
07-10-2024,0.842341509,225.1943868,220.8439607,224.0069976,39505400
08-10-2024,0.859442295,225.4837307,222.7597302,223.8074274,31855700
09-10-2024,0.875243788,229.2454647,224.336271,224.7353865,33591100
10-10-2024,0.873148036,228.9959991,226.6711141,227.2797751,28183500
11-10-2024,0.866902957,228.9062089,226.8407474,228.7964499,31759200
14-10-2024,0.882620612,231.2211016,228.0979856,228.1977569,39882100
15-10-2024,0.893308644,236.968462,231.8596955,233.0969779,64751400
16-10-2024,0.884632462,231.6102458,229.335254,231.0913987,34082200
17-10-2024,0.886183268,233.3364614,230.0137724,232.9173703,32993800
18-10-2024,0.898128737,235.6613339,233.4961011,235.6613339,46431500
21-10-2024,0.904331962,236.3298759,233.9351373,233.9351373,36254500
22-10-2024,0.901733312,235.701251,232.0892056,233.376366,38846600
23-10-2024,0.880357249,234.6236211,227.259823,233.5659513,52287000
24-10-2024,0.879560919,230.3131107,227.9083995,229.4749438,31109500
25-10-2024,0.883081656,232.7078324,229.0658541,229.235479,38802300
28-10-2024,0.891422486,234.214517,232.0393117,232.807625,36087100
29-10-2024,0.892554168,233.8153993,231.8098189,232.5881048,35417200
30-10-2024,0.877590988,232.9572905,229.0459008,232.0991785,47070900
31-10-2024,0.860029095,229.3252843,224.875072,228.8363549,64370100
01-11-2024,0.847454971,224.8551306,219.7862846,220.4847443,65276700
04-11-2024,0.843682656,222.3007315,219.2275088,220.5046966,44944500
05-11-2024,0.849718269,223.4581915,220.6543649,221.3129191,28111300
06-11-2024,0.846658576,225.5735453,220.7042572,222.121137,54561100
07-11-2024,0.866609525,227.3795689,224.0768403,224.1367061,42137700
08-11-2024,0.865476626,228.408869,226.1613401,226.9205,38328800
11-11-2024,0.854021556,225.4521209,221.2567366,224.7528927,42005600
12-11-2024,0.854021556,225.3422411,223.1146945,224.30339,40398300
13-11-2024,0.857755989,226.4010754,222.5153482,223.7639754,48566200
14-11-2024,0.870763596,228.6186404,224.7528955,224.7728778,44923900
15-11-2024,0.85725245,226.6707734,224.0236899,226.1513402,47923700
18-11-2024,0.869924385,229.4876892,224.922701,225.002615,44686000
19-11-2024,0.871015301,229.9072217,226.4110657,226.7307063,36211800
20-11-2024,0.874036409,229.6774606,225.6419045,227.8095193,35169600
21-11-2024,0.87202238,229.9072259,225.4621163,228.6286329,42108300
22-11-2024,0.87768694,230.466611,227.8095287,227.8095287,38168300
25-11-2024,0.890274909,232.9938301,229.4876905,231.2058027,90152800
26-11-2024,0.899464116,235.3112837,233.0737384,233.0737384,45986200
27-11-2024,0.898918658,235.4311569,233.5532167,234.2124955,33498400
29-11-2024,0.908989059,237.5488198,233.7130407,234.5521145,28481400
02-12-2024,0.918471954,240.5255375,236.8995347,237.0094145,48137100
03-12-2024,0.931311693,242.4933789,238.6376177,239.5466219,38861000
04-12-2024,0.932822247,243.841901,240.9850415,242.6032574,44383900
05-12-2024,0.932948132,244.2714239,241.8640823,243.7220401,40033900
06-12-2024,0.932108921,244.3613306,241.8141282,242.6432184,36870600
09-12-2024,0.948515289,246.9684712,241.4844952,241.5644092,44649200
10-12-2024,0.952795181,247.9373982,245.07054,246.6188407,36914800
11-12-2024,0.947424309,250.5245479,245.9895257,247.6876708,45205800
12-12-2024,0.953592472,248.4668252,245.4101731,246.6188509,32777500
13-12-2024,0.954305734,249.0161973,245.9695593,247.5478258,33155300
16-12-2024,0.966516049,251.1039204,247.378006,247.7176442,51694800
17-12-2024,0.976754253,253.5512208,249.5056659,249.8053394,51356400
18-12-2024,0.953970063,254.000726,247.4679155,251.8830593,56774100
19-12-2024,0.961271062,251.723235,246.8186239,247.2281773,60882300
20-12-2024,0.98099229,254.7199447,245.4201719,247.7675818,147495300
23-12-2024,0.984265167,255.3692268,253.171646,254.4902037,40858800
24-12-2024,0.996559447,257.9264112,255.0096199,255.2094124,23234700
26-12-2024,1,259.814335,257.3470467,257.9064292,27237100
27-12-2024,0.985607853,258.415896,252.7820754,257.5468258,42355300
30-12-2024,0.971383445,253.2215947,250.4746149,251.9529852,35557500
31-12-2024,0.963914579,253.0018334,249.1560555,252.1627596,39480700
